model,horizon,history,scaling,capacity,success,success_sem,collision,collision_sem,goal_distance,goal_distance_sem,tracking_rmse,tracking_rmse_sem,max_state_divergence,max_state_divergence_sem,ood_fraction,ood_fraction_sem,smoothness,smoothness_sem,on_policy_oracle_mse,on_policy_oracle_mse_sem,query_count,query_count_sem,feature_count,train_samples,val_action_mse,val_first_action_mse
H1_hist0_balanced_linear,1,0,balanced,linear,0.041666666666666664,0.02050174717986008,0.7083333333333334,0.04663376032810545,0.40277938783014733,0.030276044455112054,0.39278212220897935,0.01617032138991747,0.636309065142937,0.02550866183765278,0.7411747685185186,0.01679022360122525,0.01606729317041752,0.00031692193267393175,0.38145370189331645,0.01984623304229494,72.0,0.0,10,6390,0.056018499766743474,0.056018499766743474
H4_hist0_balanced_linear,4,0,balanced,linear,0.03125,0.017851267830546233,0.7291666666666666,0.045593471241867974,0.3226792643611149,0.021604660235474266,0.28826287064909556,0.00976885517257186,0.497505228892362,0.017326032106510677,0.6381655092592592,0.01820252658867957,0.00677319532063271,0.0002587511644779844,0.2346192815219795,0.010736030693165498,18.0,0.0,10,6120,0.051001901082499294,0.0515117293082148
H8_hist0_balanced_linear,8,0,balanced,linear,0.03125,0.017851267830546233,0.3854166666666667,0.04993370971094654,0.3419205520747252,0.013902600520211255,0.22472012967843127,0.006911071543453141,0.41863116667935835,0.012160873281332371,0.4725115740740741,0.019697749585824487,0.005924590643764532,0.0002672430157741852,0.1621105998577851,0.007173771431751479,9.0,0.0,10,5760,0.04067069839026353,0.04242158238793756
H16_hist0_balanced_linear,16,0,balanced,linear,0.0,0.0,0.19791666666666666,0.040877951813226225,0.375894877009228,0.006884555140115051,0.1897858453528142,0.004822423756767559,0.39487989046824895,0.007315467684971991,0.37384259259259256,0.017282554565126798,0.010886379350734028,0.0005254111815061125,0.14666911339473934,0.004634043358455636,5.0,0.0,10,5040,0.018790534672537537,0.022149054126927248
H1_hist4_balanced_linear,1,4,balanced,linear,0.40625,0.05038911092686594,0.041666666666666664,0.02050174717986008,0.21100644714015707,0.014290319032487337,0.19978267055757604,0.005745325743820308,0.3636075931733787,0.0118238117205245,0.40813078703703703,0.020343670677463115,0.008652278573739037,0.00011252788895076715,0.1289125503002526,0.006730329854156737,72.0,0.0,18,6390,0.0016112793559482387,0.0016112793559482387
H4_hist4_balanced_linear,4,4,balanced,linear,0.22916666666666666,0.04312153028672575,0.4375,0.050896566940372215,0.25839693236386196,0.013085970265022102,0.23361800911063255,0.006359793584644355,0.3662350591112267,0.0114078514258945,0.6213831018518519,0.020433795566950047,0.004440376036570434,8.120203439155459e-05,0.15471275269115628,0.00681873193366531,18.0,0.0,18,6120,0.0017960765145412696,0.001639899899475856
H8_hist4_balanced_linear,8,4,balanced,linear,0.17708333333333334,0.03916561682056945,0.6354166666666666,0.049381684905373244,0.242347854912668,0.010207258457927275,0.2523191612430668,0.006354901860213683,0.3949874180431297,0.011686728520047223,0.65625,0.01774073260162514,0.002800226666255731,5.253015833329526e-05,0.173204665780322,0.0064671618201441235,9.0,0.0,18,5760,0.001905104698581996,0.0016659305850004224
H16_hist4_balanced_linear,16,4,balanced,linear,0.21875,0.04241380578364351,0.6145833333333334,0.049933709710946544,0.22988617333343445,0.009229675521458272,0.24221907879502516,0.006232761649896146,0.3836366747378191,0.011736044021064908,0.6179108796296297,0.01836635845104592,0.002241241553256197,5.450342378312e-05,0.15714691240646375,0.005962886075450357,5.0,0.0,18,5040,0.0018023468431354482,0.0016367301042605673
H1_hist0_clock_focus_linear,1,0,clock_focus,linear,0.020833333333333332,0.014653652519550978,0.7291666666666666,0.045593471241867974,0.35838700585800626,0.02650643950880964,0.38037780418876904,0.014049026634881043,0.6081136452836388,0.022506080946551325,0.7595486111111112,0.016255372881980222,0.015223966250083903,0.0002666833038256819,0.3530617867602352,0.01589683041634447,72.0,0.0,10,6390,0.05586933191099564,0.05586933191099564
H4_hist0_clock_focus_linear,4,0,clock_focus,linear,0.020833333333333332,0.014653652519550978,0.71875,0.04612893115468517,0.32388776875121383,0.020020578671271598,0.284403329260579,0.009167402581489143,0.4847303988319375,0.016476886392042346,0.6516203703703703,0.01763870022359745,0.0058591070788168095,0.00019690087835154467,0.22732758999704963,0.009934058010463964,18.0,0.0,10,6120,0.05088251664018386,0.05138895645704618
H8_hist0_clock_focus_linear,8,0,clock_focus,linear,0.010416666666666666,0.010416666666666668,0.3854166666666667,0.049933709710946544,0.35041558491108155,0.012714919144946298,0.22767330870083927,0.006821914270282962,0.41936690959790707,0.011754700499968879,0.4973958333333333,0.020329049962967985,0.004968845595255078,0.0001855858893262783,0.16373279204723046,0.006993886200426866,9.0,0.0,10,5760,0.04059683818211331,0.04233791195186966
H16_hist0_clock_focus_linear,16,0,clock_focus,linear,0.0,0.0,0.20833333333333334,0.041666666666666664,0.3812536577955233,0.0064526702521952705,0.19452118948270355,0.005007888021972238,0.39915758919555944,0.0070654360278258515,0.3961226851851852,0.018475422525334077,0.010702014554987807,0.0005105262915710108,0.14957450083137486,0.004610927826870585,5.0,0.0,10,5040,0.018767043397406463,0.02211693548058531
H1_hist4_clock_focus_linear,1,4,clock_focus,linear,0.2916666666666667,0.04663376032810545,0.10416666666666667,0.03134124107007994,0.2411518052129397,0.014546439166362609,0.21638962076880808,0.00754753687149076,0.38147731274919444,0.01377412441863231,0.4576099537037037,0.021558184713028408,0.008637710707693591,0.00010428868254929531,0.14672124245690746,0.008605992350387755,72.0,0.0,18,6390,0.0016113043841155849,0.0016113043841155849
H4_hist4_clock_focus_linear,4,4,clock_focus,linear,0.1875,0.040045204719824215,0.4375,0.050896566940372215,0.2677196354806794,0.012572004088520434,0.23698317618295506,0.0064440153170773635,0.36631320368660686,0.011302427005969218,0.6344039351851851,0.020236428181800204,0.004506755190326782,7.758197335651346e-05,0.15760005686637202,0.006762727530827996,18.0,0.0,18,6120,0.0017952568932712038,0.001640030153457723
H8_hist4_clock_focus_linear,8,4,clock_focus,linear,0.125,0.03393104462691481,0.65625,0.048729752880447424,0.2518388057791266,0.010101344902108159,0.256916586595964,0.006458001139537659,0.3974451291244668,0.011721347808075672,0.6753472222222222,0.017502168191591512,0.0028465264675460824,7.397538593614538e-05,0.1779157675510842,0.006562532478417312,9.0,0.0,18,5760,0.0019048285538738672,0.0016662227987212347
H16_hist4_clock_focus_linear,16,4,clock_focus,linear,0.16666666666666666,0.03823595564509363,0.6354166666666666,0.049381684905373244,0.23737086890733458,0.009078972297799574,0.2463744878911045,0.006368371678750078,0.38552105021467975,0.011824531962576384,0.6397569444444445,0.018684697509789294,0.002199564463735702,4.754366582175715e-05,0.1607531595574849,0.006056235417488542,5.0,0.0,18,5040,0.0018004364186530635,0.0016376956534544227
H1_hist0_state_focus_linear,1,0,state_focus,linear,0.020833333333333332,0.014653652519550978,0.75,0.04442616583193193,0.33475861760289166,0.024260036082211122,0.37193984617681314,0.013246884940787736,0.5924943167792569,0.02111189419918529,0.7570891203703703,0.016032224242245634,0.014375485007648068,0.00021792146116393914,0.3379600567517597,0.014639010855877696,72.0,0.0,10,6390,0.055882660494968026,0.055882660494968026
H4_hist0_state_focus_linear,4,0,state_focus,linear,0.03125,0.017851267830546233,0.6979166666666666,0.04710894350842027,0.3149302568319573,0.01854663046832189,0.28053736187183403,0.008594099044564837,0.47455787321628123,0.015492700454264478,0.6539351851851852,0.017300902746138654,0.005492111427958679,0.00015897553982742015,0.2207910952699156,0.009100172959082562,18.0,0.0,10,6120,0.050886986381716445,0.05139606491354342
H8_hist0_state_focus_linear,8,0,state_focus,linear,0.010416666666666666,0.010416666666666668,0.3958333333333333,0.0501733107449679,0.3483646398300399,0.011352553542254212,0.2239682913205621,0.006414707670635593,0.4132604048646061,0.010802010977472121,0.4858217592592593,0.01991984795192708,0.004887343789805821,0.00019279753192948863,0.15945224006306702,0.006312862758747666,9.0,0.0,10,5760,0.04059937129460292,0.04234836332704676
H16_hist0_state_focus_linear,16,0,state_focus,linear,0.0,0.0,0.19791666666666666,0.040877951813226225,0.3817391237570222,0.0062015969142434025,0.19185137465965163,0.0048013125464954455,0.3975435005961796,0.006817093131480684,0.39236111111111116,0.018078501688612816,0.010626757731097303,0.0005015119657596766,0.148712894997355,0.004466764953611846,5.0,0.0,10,5040,0.018771061552006755,0.02212156864752402
H1_hist4_state_focus_linear,1,4,state_focus,linear,0.375,0.04966996338993914,0.0625,0.02483498169496957,0.20963862247250956,0.012516704840340207,0.20821809091643484,0.006848903800559503,0.36881848379049814,0.013006074965041987,0.4353298611111111,0.022140432724861357,0.008528628848382444,0.00010580523619365652,0.13249177953268035,0.007447217599976087,72.0,0.0,18,6390,0.001614133964873895,0.001614133964873895
H4_hist4_state_focus_linear,4,4,state_focus,linear,0.22916666666666666,0.04312153028672575,0.4375,0.050896566940372215,0.2665773054644886,0.012749440833541322,0.23772946004682574,0.0065760522040054425,0.36761877803044296,0.011482694043003413,0.6341145833333334,0.020349344951985284,0.004393088083137541,7.62106262677919e-05,0.157814219653179,0.006910661556555864,18.0,0.0,18,6120,0.0018033866856007527,0.0016422165690468903
H8_hist4_state_focus_linear,8,4,state_focus,linear,0.11458333333333333,0.03267930184391717,0.6458333333333334,0.049068441877688496,0.25304267304382333,0.009982703064518431,0.2567400426900501,0.006457043106681131,0.39708263160213725,0.011706493775351252,0.6753472222222222,0.01784919418570035,0.0027591675748233173,5.3326648697060794e-05,0.17816486794557942,0.006525478181697915,9.0,0.0,18,5760,0.0019118013848420851,0.001667014366926655
H16_hist4_state_focus_linear,16,4,state_focus,linear,0.17708333333333334,0.03916561682056945,0.6458333333333334,0.049068441877688496,0.23826109708647045,0.009090230609256782,0.24528802563232377,0.006334437229314172,0.38493852589286875,0.011762409423899108,0.6358506944444445,0.018939242369411295,0.002182560259778928,5.6075722827460865e-05,0.16093061558370228,0.0060758677084413225,5.0,0.0,18,5040,0.0018055070459002164,0.001636279175315372
H1_hist0_balanced_quadratic,1,0,balanced,quadratic,0.3229166666666667,0.047973840794591334,0.10416666666666667,0.03134124107007994,0.2264064104240464,0.012945960331814773,0.20877421007585398,0.009152184561213056,0.3215992921488884,0.01420360977617234,0.4142071759259259,0.02603983488657229,0.013415494723823113,0.00017874095342160101,0.09199530770613229,0.008829132153948925,72.0,0.0,65,6390,0.0008457526199934005,0.0008457526199934005
H4_hist0_balanced_quadratic,4,0,balanced,quadratic,0.5104166666666666,0.051287783818428426,0.09375,0.02990527809425515,0.16702362661485437,0.008902956790411077,0.19237214257582047,0.008003280831375633,0.3073731440283541,0.013360435056350713,0.3844039351851852,0.025323716697097636,0.005229868941386149,0.00015121630228929377,0.06587683396468143,0.005646394239597126,18.0,0.0,65,6120,0.0007742202720247371,0.0008477730245858014
H8_hist0_balanced_quadratic,8,0,balanced,quadratic,0.65625,0.048729752880447424,0.10416666666666667,0.03134124107007994,0.1268027721591197,0.006430512984398383,0.1849018021786967,0.007525899979699565,0.3074036817854477,0.013213060333375222,0.3683449074074074,0.024597917199166586,0.0036629557011878824,0.00010694375843388565,0.05479708667498051,0.004439636600042969,9.0,0.0,65,5760,0.0007135374547482354,0.0008555715704016263
H16_hist0_balanced_quadratic,16,0,balanced,quadratic,0.8229166666666666,0.039165616820569446,0.11458333333333333,0.03267930184391717,0.09502762158923313,0.005023973084929555,0.17775534491805042,0.007218508882699961,0.3029653973844793,0.013046740837429504,0.33637152777777785,0.023427472066882643,0.0027500016137214527,7.457969642228138e-05,0.04787813483594142,0.00385980526045351,5.0,0.0,65,5040,0.0006466095896496468,0.0008645448648309652
H1_hist4_balanced_quadratic,1,4,balanced,quadratic,0.4479166666666667,0.05101984406389433,0.17708333333333334,0.03916561682056945,0.2788126285543795,0.04269755046308735,0.2544607144491599,0.01784882396410552,0.4594726237844486,0.038114776754712636,0.4263599537037037,0.021694864800683264,0.009976639513957367,0.0003472348556984362,0.19600277977904879,0.024941262084103757,72.0,0.0,189,6390,0.00024761566622064047,0.00024761566622064047
H4_hist4_balanced_quadratic,4,4,balanced,quadratic,0.8333333333333334,0.03823595564509363,0.09375,0.02990527809425515,0.08468845636993826,0.011266120803707045,0.17584094661795638,0.008922595822310616,0.30467271446006,0.015120101213550724,0.31669560185185186,0.021745989540409412,0.0046884104301317675,0.00012997712528824967,0.04923425980300485,0.004485803891406476,18.0,0.0,189,6120,0.000374461420879078,0.00024970939481891837
H8_hist4_balanced_quadratic,8,4,balanced,quadratic,0.8645833333333334,0.03510570399830167,0.09375,0.02990527809425515,0.06737884820174099,0.005658867882959611,0.17281253278104305,0.0075119204643303294,0.30239964049446305,0.013556385788399839,0.3109085648148148,0.021267775502851735,0.002905081228399886,5.745296667141952e-05,0.04563972723829356,0.003562426351980796,9.0,0.0,189,5760,0.00045787791390811404,0.0002509875870723484
H16_hist4_balanced_quadratic,16,4,balanced,quadratic,0.8958333333333334,0.03134124107007994,0.09375,0.02990527809425515,0.05632953083461578,0.003724769970152775,0.16984788396933426,0.007067514392422631,0.3014278842837887,0.013351343687910333,0.2984664351851852,0.02030998227893227,0.002530944053660346,6.168961177107626e-05,0.044455686978301344,0.0033601502281649437,5.0,0.0,189,5040,0.00050370189234301,0.00025475986949652113
H1_hist0_clock_focus_quadratic,1,0,clock_focus,quadratic,0.25,0.04442616583193193,0.125,0.03393104462691481,0.2882334069291524,0.016368466926282563,0.23502147293013223,0.010644035057242464,0.3596021651476556,0.01637130153348556,0.45196759259259256,0.024436535021812804,0.013700339718905337,0.00018889610313710585,0.12771912935286553,0.012181750937867095,72.0,0.0,65,6390,0.0008343470804721396,0.0008343470804721396
H4_hist0_clock_focus_quadratic,4,0,clock_focus,quadratic,0.375,0.04966996338993914,0.13541666666666666,0.03510570399830168,0.22023968081573173,0.01286909823583688,0.2152350840703823,0.009494097072060328,0.33094793991401367,0.014590127413133773,0.4225983796296296,0.025314736245020376,0.004832073814780175,0.00010275416880063386,0.09595099609760745,0.009172523368958043,18.0,0.0,65,6120,0.0007670055855899526,0.0008338464651223524
H8_hist0_clock_focus_quadratic,8,0,clock_focus,quadratic,0.4479166666666667,0.05101984406389433,0.13541666666666666,0.03510570399830168,0.17399045642663566,0.00993910016858683,0.2041609719237418,0.008704741334407169,0.32371329141353505,0.01406095103016485,0.4016203703703704,0.025775045682389138,0.003614322084190963,9.93734859147654e-05,0.07794206785699186,0.00710806277905518,9.0,0.0,65,5760,0.0007119494964600137,0.0008388344040048873
H16_hist0_clock_focus_quadratic,16,0,clock_focus,quadratic,0.6875,0.047555369390792634,0.125,0.03393104462691481,0.11717262842671305,0.006014445514511414,0.19379191302968846,0.008118819200926629,0.3184877941730193,0.01380617340538741,0.37673611111111116,0.025265814289212797,0.0034543850386891182,0.00010621958408048624,0.0638310314689987,0.005658884994297383,5.0,0.0,65,5040,0.0006509531844296973,0.0008494194620092731
H1_hist4_clock_focus_quadratic,1,4,clock_focus,quadratic,0.2708333333333333,0.045593471241867974,0.19791666666666666,0.040877951813226225,0.5613765706796351,0.05541996416055178,0.3479209691303668,0.021112670330881496,0.691902157808209,0.047242317505155576,0.5010127314814815,0.0199148202257699,0.008813534192431404,0.0001611567595912015,0.3837341637584218,0.03906374119850602,72.0,0.0,189,6390,0.00023971485505978218,0.00023971485505978218
H4_hist4_clock_focus_quadratic,4,4,clock_focus,quadratic,0.53125,0.051198626369320335,0.09375,0.02990527809425515,0.15287752632810456,0.010819291841825908,0.19325868939356997,0.008574116506284934,0.3137308256657619,0.014272229605672074,0.3776041666666667,0.024071478407029258,0.004564668698618168,8.436731592668652e-05,0.06917000565258315,0.006151414928322085,18.0,0.0,189,6120,0.000369713700275486,0.00024243353334729657
H8_hist4_clock_focus_quadratic,8,4,clock_focus,quadratic,0.59375,0.05038911092686594,0.11458333333333333,0.03267930184391717,0.1306979472696955,0.009373195490457117,0.190930108094621,0.008270127083270545,0.3125530199084195,0.014012248733362319,0.3671875,0.02338102809662473,0.0028736662707128722,5.5604799310766e-05,0.06400783271635817,0.005738484420372871,9.0,0.0,189,5760,0.0004578863173788574,0.000244798032558355
H16_hist4_clock_focus_quadratic,16,4,clock_focus,quadratic,0.7604166666666666,0.043791751172569414,0.10416666666666667,0.03134124107007994,0.09269218070935765,0.006376253057623219,0.18762038019510288,0.00798334699066048,0.3132025255610311,0.014015395824258795,0.3518518518518518,0.022978483974358994,0.0027489423876917636,5.314639146050984e-05,0.05985609568514877,0.005037171288524178,5.0,0.0,189,5040,0.0005077889469495008,0.0002513977394418478
H1_hist0_state_focus_quadratic,1,0,state_focus,quadratic,0.21875,0.04241380578364351,0.08333333333333333,0.028356543640780024,0.3992023138490441,0.03662717028047076,0.23747611052984133,0.013234820665114035,0.4372002605797117,0.03311370935069763,0.4289641203703703,0.025072208124694045,0.013054506372536391,0.0001906674288429902,0.19362151199809743,0.026737590111028813,72.0,0.0,65,6390,0.0008716503028142725,0.0008716503028142725
H4_hist0_state_focus_quadratic,4,0,state_focus,quadratic,0.3541666666666667,0.04906844187768849,0.07291666666666667,0.02667540290010708,0.2940885281061823,0.02537299060448765,0.21486659356127472,0.010804336621735943,0.3659156877058518,0.02307812973923972,0.40407986111111116,0.024128320426585522,0.006742591063434091,0.0004261830336529136,0.12742565878855414,0.01778465690277092,18.0,0.0,65,6120,0.0007951779903420232,0.0008736760052102469
H8_hist0_state_focus_quadratic,8,0,state_focus,quadratic,0.4270833333333333,0.05075048972770943,0.09375,0.02990527809425515,0.21749974928475493,0.01632640862422676,0.20236276976053147,0.009219636417250742,0.3217534063517824,0.01569991078342279,0.3948206018518519,0.024831357355710706,0.00479896760162967,0.0003187535252411779,0.09117163836211135,0.010949513313537024,9.0,0.0,65,5760,0.00072947005562792,0.0008816271785377763
H16_hist0_state_focus_quadratic,16,0,state_focus,quadratic,0.5208333333333334,0.05125436794965019,0.08333333333333333,0.028356543640780024,0.17126868820820237,0.012434591685758657,0.19263942201895246,0.008251838293258568,0.3077622911412093,0.013550195672670346,0.3802083333333333,0.024586969106479388,0.004012237890637246,0.00026472755892666854,0.07265992809397069,0.007729111748877329,5.0,0.0,65,5040,0.0006576799228369951,0.0008958959294560682
H1_hist4_state_focus_quadratic,1,4,state_focus,quadratic,0.25,0.04442616583193193,0.11458333333333333,0.03267930184391717,0.5822902317932438,0.05456194654260914,0.33646005801713813,0.018660958218645596,0.684224068820703,0.04486641609474695,0.4930555555555556,0.018251995938814127,0.014203015960747108,0.004544986449300705,0.384777698135218,0.038293928822243,72.0,0.0,189,6390,0.0002660867240695794,0.0002660867240695794
H4_hist4_state_focus_quadratic,4,4,state_focus,quadratic,0.7083333333333334,0.04663376032810545,0.08333333333333333,0.028356543640780024,0.12322251900724031,0.013244350188307868,0.1908920418328172,0.009986272485964563,0.3138265994516846,0.016073017943498847,0.35257523148148145,0.023386959343274994,0.004880282224142945,0.00015296074730646405,0.06848709738258398,0.007040290557508187,18.0,0.0,189,6120,0.00038959366950046265,0.0002658994005074479
H8_hist4_state_focus_quadratic,8,4,state_focus,quadratic,0.78125,0.04241380578364351,0.09375,0.02990527809425515,0.09228173070236846,0.007238931374645469,0.18221644637393333,0.00819475363294404,0.3083919643240456,0.014169017353886704,0.34201388888888884,0.022129369013896817,0.003061905923336433,6.50555412024708e-05,0.055960268217521404,0.004870755541873396,9.0,0.0,189,5760,0.0004688866478941916,0.00026477010308726995
H16_hist4_state_focus_quadratic,16,4,state_focus,quadratic,0.8541666666666666,0.03621078237533565,0.09375,0.02990527809425515,0.08215426715813522,0.004871700002059017,0.17763070165942565,0.0074907032606161585,0.30750199081935287,0.01371123513592202,0.32769097222222227,0.021393914006994492,0.0024169290536404583,5.2774010110809007e-05,0.051375804726995676,0.004017891598573487,5.0,0.0,189,5040,0.0005122327000506051,0.00026707355045263047
