method,trial,seed,duration,final_error,final_goal,final_x,max_abs_jerk,mean_abs_error,path_effort,rms_accel,rms_jerk,rms_vel_jump,settle_time,success,tail_mean_abs_error,within_tol_frac
synchronous,0,1008,17.979999999999706,1.0443779260739205,9.391648175422947,10.436026101496868,400.0,2.3979161558948143,95.15539737134438,6.420905306973958,107.199511793235,0.13048090808071344,nan,0.0,1.800726403345244,0.04111111111111111
synchronous,1,1009,17.979999999999706,5.210657049434554,9.391648175422947,14.602305224857501,400.0,2.4656394065207174,90.67595228845505,6.270228524720993,104.69265597511685,0.12832908294867607,nan,0.0,1.7877415609320388,0.028888888888888888
synchronous,2,1010,17.979999999999706,0.6532498709906225,9.391648175422947,8.738398304432325,400.0,2.5093978785386337,98.04426949361194,6.573809828061187,109.74363798028982,0.1357598364926278,nan,0.0,1.744957827940792,0.04
synchronous,3,1011,17.979999999999706,1.9812727169475188,9.391648175422947,11.372920892370466,400.0,2.3362481463475353,91.1517593389354,6.265593781206952,104.61554969044391,0.13271958576023857,nan,0.0,1.468895768912253,0.03777777777777778
synchronous,4,1012,17.979999999999706,0.6676715483949902,9.391648175422947,8.723976627027957,400.0,2.0838377616266426,89.28371000334214,6.201747649405834,103.55338951630084,0.1272910474734338,nan,0.0,1.429950481478738,0.03333333333333333
synchronous,5,1013,17.979999999999706,2.4988266653012996,9.391648175422947,11.890474840724247,400.0,2.7866176553620163,93.60940342706083,6.366168777937431,106.28881922412,0.1314771990490785,9.539999999999885,1.0,2.1732718587155313,0.042222222222222223
synchronous,6,1014,17.979999999999706,0.3461491319317709,9.391648175422947,9.045499043491176,400.0,2.3734396743458763,90.34683612543417,6.2514843358617975,104.19276956527325,0.13212474740852845,nan,0.0,1.5908108432501422,0.03777777777777778
synchronous,7,1015,17.979999999999706,0.5862196540039459,9.391648175422947,9.977867829426893,400.0,2.38496007800557,95.75663443278849,6.475651257733837,108.11038781676918,0.1338490720366357,nan,0.0,1.5030867461597184,0.03222222222222222
synchronous,8,1016,17.979999999999706,0.45130408310434866,9.391648175422947,9.842952258527296,400.0,2.4562900574462736,89.00672436323356,6.156089244252589,102.77751704413541,0.12694358607546533,nan,0.0,1.3495916745541228,0.025555555555555557
synchronous,9,1017,17.979999999999706,4.318673441732292,9.391648175422947,13.71032161715524,400.0,2.411789522747941,94.05452366210528,6.3763294818930545,106.45786840587424,0.1320986508399506,nan,0.0,1.6275040835058079,0.03111111111111111
synchronous,10,1018,17.979999999999706,0.8412068416887308,9.391648175422947,10.232855017111678,400.0,2.521813863157541,95.19553274019951,6.436974777001944,107.34753099274467,0.13379139889938205,nan,0.0,1.935441866873825,0.022222222222222223
synchronous,11,1019,17.979999999999706,1.7807275264450695,9.391648175422947,11.172375701868017,400.0,2.9032040997482054,93.92203149267488,6.405755797075039,106.94745536682785,0.13313950612212702,nan,0.0,1.7108941124585946,0.024444444444444446
synchronous,12,1020,17.979999999999706,0.691680652110426,9.391648175422947,10.083328827533373,400.0,2.6595767575828244,90.44210976829024,6.23065806870594,103.85136166336717,0.12853213534253924,9.79999999999988,1.0,1.7931275653401348,0.03
synchronous,13,1021,17.979999999999706,3.1141474363248367,9.391648175422947,12.505795611747784,400.0,2.902424296616744,93.88332389785788,6.39442842398085,106.7589927146869,0.13206953364252544,nan,0.0,1.8085439249600546,0.023333333333333334
synchronous,14,1022,17.979999999999706,2.7185245104707096,9.391648175422947,12.110172685893657,400.0,2.6200092503990184,97.7521924423531,6.5672668081357655,109.63476682890729,0.13628258838993723,nan,0.0,1.7680669086768137,0.021111111111111112
synchronous,15,1023,17.979999999999706,1.917297551385305,9.391648175422947,11.308945726808252,400.0,2.4488181253609813,94.85360603618665,6.435853537977906,107.4482213602401,0.13383662905015992,9.659999999999883,1.0,1.6320006980468962,0.04888888888888889
synchronous,16,1024,17.979999999999706,0.8174060228880933,9.391648175422947,8.574242152534854,400.0,2.4250133761501225,91.62913274187316,6.300629672414417,105.1984321956622,0.12929424807171996,nan,0.0,1.7016856686141657,0.03111111111111111
synchronous,17,1025,17.979999999999706,1.1237521578094078,9.391648175422947,8.26789601761354,400.0,2.2029760967776943,88.36318143607558,6.155412078702646,102.78256456236558,0.12682662921837284,16.37999999999974,1.0,1.589302307223352,0.03777777777777778
synchronous,18,1026,17.979999999999706,1.1506532890301369,9.391648175422947,8.24099488639281,400.0,2.722778233129756,95.32575326619161,6.4561364508164685,107.78569284281873,0.13288540523725556,nan,0.0,2.1701797041430066,0.024444444444444446
synchronous,19,1027,17.979999999999706,0.7087309941575146,9.391648175422947,10.100379169580462,400.0,2.5150136959535696,93.2751267579728,6.384843040983259,106.41433409754303,0.13343986755751241,nan,0.0,1.8651321681983932,0.024444444444444446
synchronous,20,1028,17.979999999999706,0.6806994573617615,9.391648175422947,8.710948718061186,400.0,2.1610283056793937,92.20332494829857,6.374853906552625,106.43331839454888,0.13189459447975396,nan,0.0,1.362366704168936,0.03333333333333333
synchronous,21,1029,17.979999999999706,0.05394990326276705,9.391648175422947,9.33769827216018,400.0,2.4869400621182463,91.64633943703073,6.294327224048319,105.09357923301029,0.13125960931889982,nan,0.0,1.5549977890348663,0.03333333333333333
synchronous,22,1030,17.979999999999706,1.4319813447472587,9.391648175422947,10.823629520170206,400.0,2.5387930104634835,95.62717846303634,6.485090319731083,108.2674398028789,0.1360653957094798,nan,0.0,1.6523733585547773,0.03
synchronous,23,1031,17.979999999999706,1.9180502959571397,9.391648175422947,7.473597879465808,400.0,2.161959353107723,97.09676763478048,6.532413430499462,109.05483769542528,0.13552703661184265,nan,0.0,1.513381536470493,0.04
synchronous,24,1032,17.979999999999706,1.8983682098991732,9.391648175422947,11.29001638532212,400.0,2.2892695182446334,94.98949375519943,6.448919643017934,107.6656176217273,0.13440472572059214,nan,0.0,1.4407486704917933,0.027777777777777776
synchronous,25,1033,17.979999999999706,2.749261040616707,9.391648175422947,12.140909216039654,400.0,2.3119788278986166,99.04,6.6345894957998555,110.75498483890766,0.13725943231016624,nan,0.0,1.7643176092279707,0.024444444444444446
synchronous,26,1034,17.979999999999706,3.0055698275585847,9.391648175422947,12.397218002981532,400.0,3.200981857459664,95.10821477284317,6.445668842667983,107.6115300663082,0.1365899476802534,nan,0.0,2.1378376361813793,0.014444444444444444
synchronous,27,1035,17.979999999999706,2.6761929691748607,9.391648175422947,6.715455206248087,400.0,2.7907149549665884,92.40434812210388,6.337571676919784,105.81303871335999,0.13283255628416452,nan,0.0,2.2588136054105385,0.01888888888888889
synchronous,28,1036,17.979999999999706,0.9855873533691266,9.391648175422947,8.40606082205382,400.0,2.9211903369106413,89.06463673005001,6.169981559352296,103.02493585019117,0.12819531157103958,7.839999999999921,1.0,1.8595806761024174,0.06444444444444444
synchronous,29,1037,17.979999999999706,1.6216687744468317,9.391648175422947,7.769979400976116,400.0,4.058563494324785,95.15621635572369,6.4599438117349814,107.84904093865453,0.13233653716323013,nan,0.0,3.5450131188187983,0.014444444444444444
synchronous,30,1038,17.979999999999706,0.907551698033128,9.391648175422947,8.48409647738982,400.0,2.991879038019279,95.52176150426395,6.452575007937137,107.72643652542247,0.13335196610708705,nan,0.0,2.0565301897237895,0.028888888888888888
synchronous,31,1039,17.979999999999706,1.1827830160060326,9.391648175422947,8.208865159416915,400.0,2.344798178765375,89.37469663610027,6.222731702745996,103.90248107745377,0.1290869908696054,nan,0.0,1.381708163862484,0.043333333333333335
naive_async,0,1008,17.979999999999706,9.558539590606475,9.391648175422947,18.950187766029423,800.0,9.567653962607038,143.7132574122202,7.9886612003748345,60.85004082324343,0.1620134782053883,nan,0.0,8.817447403239694,0.0033333333333333335
naive_async,1,1009,17.979999999999706,0.02436853984095322,9.391648175422947,9.367279635581994,800.0,5.3490715614992475,139.92824722840854,7.824336626328014,60.76218385642954,0.16140010521486128,nan,0.0,5.1041938791345105,0.008888888888888889
naive_async,2,1010,17.979999999999706,17.756993305904608,9.391648175422947,27.148641481327555,800.0,9.826264011865067,141.39174636562115,7.916922071164983,58.18735590031173,0.16226005319701664,nan,0.0,11.86759642729122,0.0033333333333333335
naive_async,3,1011,17.979999999999706,7.433079610325851,9.391648175422947,1.958568565097096,800.0,7.004980414054915,140.79727648633212,7.871535392232588,62.432587071268244,0.16264429555803994,nan,0.0,8.306513908526453,0.006666666666666667
naive_async,4,1012,17.979999999999706,16.781398198074953,9.391648175422947,26.1730463734979,800.0,9.30818174348542,139.72880046163394,7.847620982413343,55.51843086040402,0.15849285375246083,nan,0.0,11.008280206786965,0.0033333333333333335
naive_async,5,1013,17.979999999999706,5.728965512420497,9.391648175422947,3.6626826630024505,800.0,6.447080262564711,136.49421822173164,7.759372187218831,58.402263680671965,0.15788868188954933,nan,0.0,5.671245793461688,0.008888888888888889
naive_async,6,1014,17.979999999999706,11.051832345068686,9.391648175422947,-1.6601841696457378,800.0,6.116649461764237,141.6702591945351,7.899566030267677,63.40840852422524,0.16147176652740408,nan,0.0,6.548604860547992,0.006666666666666667
naive_async,7,1015,17.979999999999706,11.209452527651035,9.391648175422947,20.601100703073982,800.0,4.764483205909376,138.33366059001455,7.797525444656197,65.47373131258219,0.16017693856929052,nan,0.0,4.552561421888323,0.008888888888888889
naive_async,8,1016,17.979999999999706,5.958355070879778,9.391648175422947,3.43329310454317,800.0,5.65902322522885,141.1312838745749,7.915391107430765,63.954253387143744,0.16183173525075653,nan,0.0,5.7866081738232795,0.0077777777777777776
naive_async,9,1017,17.979999999999706,5.19253389901464,9.391648175422947,14.584182074437587,800.0,4.256507455550981,135.37333896481334,7.660087061944428,71.5464979104101,0.15580733019565987,nan,0.0,2.5539427600038977,0.024444444444444446
naive_async,10,1018,17.979999999999706,2.1908399533168623,9.391648175422947,11.58248812873981,800.0,11.210968678227395,138.89622695874874,7.841275437395113,54.018912729161634,0.161232579769438,nan,0.0,13.041610625786415,0.0044444444444444444
naive_async,11,1019,17.979999999999706,13.534920808056576,9.391648175422947,22.926568983479523,800.0,4.874350826994251,143.13182210450097,7.960954205377852,70.72619931671245,0.16388879924737487,nan,0.0,4.929677918965535,0.01
naive_async,12,1020,17.979999999999706,19.551373776611957,9.391648175422947,28.943021952034904,800.0,9.390269613310632,140.46714779503512,7.866580523895147,56.258827085271065,0.1619532358908724,nan,0.0,10.816227267828296,0.0033333333333333335
naive_async,13,1021,17.979999999999706,13.351342367323543,9.391648175422947,22.74299054274649,800.0,9.681435120443098,141.6293094233753,7.919470995553713,58.28362634691292,0.1601245954492147,nan,0.0,11.265021674166098,0.0033333333333333335
naive_async,14,1022,17.979999999999706,2.085899437597778,9.391648175422947,11.477547613020725,800.0,11.318019900058777,137.81172964020854,7.790209974075493,51.766137467781135,0.16112605340195763,nan,0.0,14.21802969753473,0.0044444444444444444
naive_async,15,1023,17.979999999999706,8.537320904504838,9.391648175422947,17.928969079927786,800.0,4.77488511033065,135.11342315582894,7.671854803464982,61.21108114222419,0.1576941986499723,nan,0.0,4.461468562323069,0.011111111111111112
naive_async,16,1024,17.979999999999706,6.416970958353634,9.391648175422947,2.9746772170693134,800.0,5.9383561153978075,139.0319693252719,7.811446381507565,60.2997274783752,0.15938640994149414,nan,0.0,6.0924904548692895,0.0077777777777777776
naive_async,17,1025,17.979999999999706,5.342299161759447,9.391648175422947,14.733947337182395,800.0,10.7905949926543,139.7102492641068,7.853167588062495,55.735865864775306,0.16016553282316504,nan,0.0,13.116080351899264,0.0044444444444444444
naive_async,18,1026,17.979999999999706,8.366015762975053,9.391648175422947,1.0256324124478942,800.0,6.7523985916646865,138.95212280833593,7.782716398140758,59.25881473343149,0.15980781984768133,nan,0.0,7.504569743318963,0.0077777777777777776
naive_async,19,1027,17.979999999999706,2.5665120176867458,9.391648175422947,11.958160193109693,800.0,8.013671424074698,143.3725384084493,7.97164285130756,60.22688782132767,0.16459490262143034,nan,0.0,10.119917706188543,0.005555555555555556
naive_async,20,1028,17.979999999999706,2.881507421193488,9.391648175422947,6.510140754229459,800.0,3.721216956348166,141.0799366151269,7.87946769704715,73.17619964457293,0.16095953957666756,nan,0.0,2.6875121684409473,0.013333333333333334
naive_async,21,1029,17.979999999999706,2.923504254088476,9.391648175422947,6.468143921334471,800.0,6.8758738929164345,139.22764391902743,7.8165463486795534,58.25678557472186,0.15887421683941966,nan,0.0,7.326326987159087,0.006666666666666667
naive_async,22,1030,17.979999999999706,0.5038747731062685,9.391648175422947,9.895522948529216,800.0,7.741821472249547,143.543377949567,7.979899919217451,60.52986827416923,0.16513231035000883,nan,0.0,9.471010279012141,0.0044444444444444444
naive_async,23,1031,17.979999999999706,2.906927548392905,9.391648175422947,6.484720627030042,800.0,6.991924482140461,138.28409138025617,7.80015433445983,59.214592299358365,0.16098360533912545,nan,0.0,7.42749593948312,0.006666666666666667
naive_async,24,1032,17.979999999999706,5.323801561578288,9.391648175422947,4.067846613844659,800.0,5.68448615126598,143.49483522622165,7.977497186570669,66.06304327613057,0.16387948084526657,nan,0.0,5.735409468550342,0.008888888888888889
naive_async,25,1033,17.979999999999706,7.039388964880123,9.391648175422947,2.3522592105428246,800.0,6.1825382641711215,140.53415018504083,7.849957936868769,61.673312078240365,0.16206602664937805,nan,0.0,6.651230292183424,0.0077777777777777776
naive_async,26,1034,17.979999999999706,7.768321556694556,9.391648175422947,17.159969732117503,800.0,4.7827504031138135,140.7556847953777,7.869820993478164,67.83393443734637,0.16096657176419446,nan,0.0,4.394712843487942,0.01
naive_async,27,1035,17.979999999999706,6.330614158688437,9.391648175422947,3.06103401673451,800.0,6.646846357167528,138.2437047369451,7.7963954027916476,59.756200021843014,0.15893193840764033,nan,0.0,7.513847981275149,0.008888888888888889
naive_async,28,1036,17.979999999999706,18.953156990488118,9.391648175422947,28.344805165911065,800.0,9.082799247398324,141.2916521164735,7.902582198603794,57.643339493823476,0.1605428313641438,nan,0.0,10.900119273187977,0.0022222222222222222
naive_async,29,1037,17.979999999999706,5.4634719663424836,9.391648175422947,3.928176209080464,800.0,7.016984096220303,143.84,7.995554320301307,66.66666666666667,0.16174493083369143,nan,0.0,8.288122624646457,0.005555555555555556
naive_async,30,1038,17.979999999999706,5.3819724413844625,9.391648175422947,4.009675734038485,800.0,5.674534644818042,139.26204538979047,7.822530833671157,60.69756483044779,0.16177255681479472,nan,0.0,5.806443608150455,0.006666666666666667
naive_async,31,1039,17.979999999999706,19.77376199814021,9.391648175422947,29.165410173563156,800.0,9.854013017086423,141.24435644112225,7.915893320761732,58.14846462287364,0.16384230508425987,nan,0.0,11.616182376537827,0.0033333333333333335
rtc_hard,0,1008,17.979999999999706,24.309084247438076,9.391648175422947,-14.917436072015128,800.0,13.3073137204257,143.84,7.995554320301307,54.97474167490214,0.1621786933426537,nan,0.0,14.703546771261989,0.0033333333333333335
rtc_hard,1,1009,17.979999999999706,42.995666261760874,9.391648175422947,-33.60401808633792,800.0,16.843236031745768,143.84,7.995554320301307,54.97474167490214,0.1644947923165852,nan,0.0,22.262437836091042,0.0022222222222222222
rtc_hard,2,1010,17.979999999999706,26.221912248571154,9.391648175422947,-16.830264073148207,800.0,16.979076240558324,141.58603223015066,7.9189247886055,51.80219031915156,0.16062687631000813,nan,0.0,20.969999391989894,0.0044444444444444444
rtc_hard,3,1011,17.979999999999706,38.755476948546544,9.391648175422947,-29.3638287731236,800.0,15.720031421346972,142.11769304032856,7.918589148778118,51.78793622461613,0.16369093795723164,nan,0.0,20.45344948353904,0.0044444444444444444
rtc_hard,4,1012,17.979999999999706,22.59448658589583,9.391648175422947,-13.202838410472884,800.0,16.39465753494376,141.9449217864209,7.924556214210749,52.04085548686539,0.15962310069817595,nan,0.0,19.99193159416753,0.0033333333333333335
rtc_hard,5,1013,17.979999999999706,20.177548917214573,9.391648175422947,-10.785900741791625,800.0,13.212392016842202,141.8835009086767,7.923414803570057,51.992556252859245,0.16191395443607862,nan,0.0,15.077299748297204,0.0033333333333333335
rtc_hard,6,1014,17.979999999999706,38.365084354114344,9.391648175422947,-28.973436178691394,800.0,15.982207381514971,141.42973750537368,7.917255858425366,51.73128066933405,0.16262235747223522,nan,0.0,22.16973646413664,0.0033333333333333335
rtc_hard,7,1015,17.979999999999706,24.188569174507304,9.391648175422947,-14.796920999084357,800.0,14.261958931079759,143.7499274011136,7.990624279366069,54.77526683617147,0.16394630836777047,nan,0.0,17.533150362212808,0.0033333333333333335
rtc_hard,8,1016,17.979999999999706,43.89124161619068,9.391648175422947,-34.49959344076773,800.0,16.67511307400182,143.84,7.995554320301307,54.97474167490214,0.16501625594415464,nan,0.0,22.01497342321254,0.0022222222222222222
rtc_hard,9,1017,17.979999999999706,38.09616331153487,9.391648175422947,-28.704515136111926,800.0,15.499145503137958,142.60832100817578,7.941547278123957,52.755421737667916,0.1630922498871475,nan,0.0,18.49994361904077,0.0033333333333333335
rtc_hard,10,1018,17.979999999999706,22.12946023404036,9.391648175422947,-12.737812058617411,800.0,13.302985536956609,141.17441663926465,7.915553279360456,51.658856478248985,0.16209290812857674,nan,0.0,15.02153378659027,0.0044444444444444444
rtc_hard,11,1019,17.979999999999706,29.196990705567924,9.391648175422947,-19.805342530144976,800.0,14.478015630464984,143.84,7.995554320301307,54.97474167490214,0.16366310477065452,nan,0.0,19.016452619716883,0.0011111111111111111
rtc_hard,12,1020,17.979999999999706,32.48510662894485,9.391648175422947,-23.093458453521897,800.0,14.434100120438872,141.9782757967793,7.925206754306418,52.068366408489,0.16277852368934498,nan,0.0,17.42187432889035,0.0022222222222222222
rtc_hard,13,1021,17.979999999999706,46.604645713747374,9.391648175422947,-37.21299753832443,800.0,15.97217793590312,141.9304986638942,7.92428159746347,52.02923843327936,0.16339501877716475,nan,0.0,21.284623474499394,0.0011111111111111111
rtc_hard,14,1022,17.979999999999706,32.069252304102875,9.391648175422947,-22.677604128679928,800.0,14.653123260049048,141.40410619354986,7.917027577651907,51.72157506090754,0.16294973885379707,nan,0.0,18.601144366404867,0.0033333333333333335
rtc_hard,15,1023,17.979999999999706,37.41842830303289,9.391648175422947,-28.026780127609943,800.0,15.378232859319214,143.54307389510544,7.979884729778478,54.338628094935196,0.160893213935395,nan,0.0,20.435178291659685,0.0033333333333333335
rtc_hard,16,1024,17.979999999999706,12.44492115124527,9.391648175422947,-3.0532729758223223,800.0,13.155460452378811,141.04124855073582,7.890497234752067,50.58287403070204,0.1629552968002215,nan,0.0,17.120112175538647,0.0044444444444444444
rtc_hard,17,1025,17.979999999999706,27.717795942586108,9.391648175422947,-18.32614776716316,800.0,14.184234185445085,141.32369735753505,7.916394495983038,51.69465082777924,0.15983904441629432,nan,0.0,17.947657951761542,0.0022222222222222222
rtc_hard,18,1026,17.979999999999706,16.162989180690804,9.391648175422947,-6.771341005267856,800.0,12.974564815442617,143.50179488496366,7.977838916096079,54.25511978475237,0.16005953115111488,nan,0.0,15.459612942156447,0.0033333333333333335
rtc_hard,19,1027,17.979999999999706,28.817034235998246,9.391648175422947,-19.4253860605753,800.0,14.532528203324937,143.84,7.995554320301307,54.97474167490214,0.1656933247248516,nan,0.0,17.862047423076728,0.0033333333333333335
rtc_hard,20,1028,17.979999999999706,27.46212294287065,9.391648175422947,-18.070474767447703,800.0,14.319085676794263,143.5282525550171,7.979146443126405,54.3085042244968,0.1621737696847188,nan,0.0,17.703092623163943,0.0011111111111111111
rtc_hard,21,1029,17.979999999999706,15.639462796308065,9.391648175422947,-6.2478146208851175,800.0,13.203485696555726,143.120599807933,7.960482951201152,53.54229877052381,0.1613539503461234,nan,0.0,17.586301376671106,0.0022222222222222222
rtc_hard,22,1030,17.979999999999706,28.083028192481923,9.391648175422947,-18.691380017058975,800.0,14.670195568617899,143.84,7.995554320301307,54.97474167490214,0.16462036191718807,nan,0.0,18.431470816105794,0.0033333333333333335
rtc_hard,23,1031,17.979999999999706,23.711599203192037,9.391648175422947,-14.319951027769092,800.0,13.666517108241647,139.64079558380502,7.855368443822258,49.040585514306535,0.16073088318742645,nan,0.0,15.97589103709644,0.0022222222222222222
rtc_hard,24,1032,17.979999999999706,40.81094890832965,9.391648175422947,-31.4193007329067,800.0,16.501427354823896,143.84,7.995554320301307,54.97474167490214,0.1640945702872261,nan,0.0,21.65575555562268,0.0044444444444444444
rtc_hard,25,1033,17.979999999999706,31.221451752405425,9.391648175422947,-21.829803576982478,800.0,14.79019921380199,142.7893592099335,7.947662082655989,53.01059561592602,0.16392577359373495,nan,0.0,18.964271098838136,0.0044444444444444444
rtc_hard,26,1034,17.979999999999706,32.39086091581186,9.391648175422947,-22.999212740388906,800.0,14.979486219494854,143.84,7.995554320301307,54.97474167490214,0.16553183209142855,nan,0.0,19.849644067470052,0.0022222222222222222
rtc_hard,27,1035,17.979999999999706,28.86641029303752,9.391648175422947,-19.474762117614574,800.0,14.496293273023111,143.5789641106088,7.981689819737198,54.41222158875997,0.16369996633479622,nan,0.0,18.367706454348266,0.0033333333333333335
rtc_hard,28,1036,17.979999999999706,30.22665439736203,9.391648175422947,-20.835006221939082,800.0,14.795376308325539,143.84,7.995554320301307,54.97474167490214,0.16322830121119866,nan,0.0,19.7962601089357,0.0022222222222222222
rtc_hard,29,1037,17.979999999999706,30.173871966342727,9.391648175422947,-20.78222379091978,800.0,14.791366528197388,143.84,7.995554320301307,54.97474167490214,0.16489149010886628,nan,0.0,19.150193424418937,0.0033333333333333335
rtc_hard,30,1038,17.979999999999706,30.075756883535348,9.391648175422947,-20.6841087081124,800.0,14.712988056041477,143.84,7.995554320301307,54.97474167490214,0.16454571377796054,nan,0.0,18.994612409921285,0.0044444444444444444
rtc_hard,31,1039,17.979999999999706,31.890056543407933,9.391648175422947,-22.498408367984986,800.0,14.286377467664465,139.2195461923403,7.840710353263852,48.384599119078246,0.1613702659727224,nan,0.0,16.32621984228584,0.0044444444444444444
prefix_conditioned,0,1008,17.979999999999706,2.114226837835476,9.391648175422947,7.277421337587471,400.0,3.321816519892849,53.06379601509147,3.9178621553839887,25.402197456327414,0.08314946789936373,nan,0.0,2.6351836105084585,0.017777777777777778
prefix_conditioned,1,1009,17.979999999999706,0.004668467130377607,9.391648175422947,9.396316642553325,421.2743545007222,3.3943882454720002,54.61868477784731,3.9673187117044786,26.313556863283885,0.08563363657697447,nan,0.0,2.6425034935026703,0.02
prefix_conditioned,2,1010,17.979999999999706,0.5257471617952394,9.391648175422947,8.865901013627708,435.05512988135393,3.388360555136448,57.041434972458894,4.0119652061642,26.40759593022417,0.08663910010246033,nan,0.0,2.597006185653815,0.021111111111111112
prefix_conditioned,3,1011,17.979999999999706,1.2984868401003276,9.391648175422947,8.09316133532262,416.1944183919276,3.31734295280492,51.64265228576648,3.907325537774952,25.999065414154632,0.08696530902393577,nan,0.0,2.5158593559087956,0.008888888888888889
prefix_conditioned,4,1012,17.979999999999706,0.9899215508943531,9.391648175422947,8.401726624528594,422.80246898109596,3.335603487759596,49.104176804437394,3.7357265656249656,24.774728266915744,0.0802232927784899,12.319999999999826,1.0,2.5652909394384866,0.02666666666666667
prefix_conditioned,5,1013,17.979999999999706,0.514451234868325,9.391648175422947,8.877196940554622,439.517713821481,3.4945712876158814,53.07439065263577,3.875499740368219,25.868492451123437,0.08481629463572045,nan,0.0,2.7059992500464514,0.028888888888888888
prefix_conditioned,6,1014,17.979999999999706,1.8963639110798107,9.391648175422947,7.4952842643431365,424.630871454019,3.3934345625437468,46.75405367846068,3.74444105217332,25.278262419562175,0.08362343800174141,nan,0.0,2.665319500510368,0.01
prefix_conditioned,7,1015,17.979999999999706,1.6865555060878084,9.391648175422947,7.705092669335139,427.40007987106515,3.2814192563792837,44.0886995364941,3.678441785070892,25.07866773101915,0.08235050491938628,nan,0.0,2.460339090811997,0.01
prefix_conditioned,8,1016,17.979999999999706,1.172426438056494,9.391648175422947,8.219221737366453,403.2156994416301,3.465280268990908,51.884592735346864,3.883719652878668,25.697811287579924,0.08665598421408886,nan,0.0,2.6424837104501955,0.008888888888888889
prefix_conditioned,9,1017,17.979999999999706,1.1249277657212815,9.391648175422947,8.266720409701666,436.0828440710596,3.4701628149581683,50.768464037023875,3.8609011541697136,25.581168502258386,0.08387648323363497,nan,0.0,2.6363968373426014,0.01
prefix_conditioned,10,1018,17.979999999999706,0.8808595564892698,9.391648175422947,8.510788618933677,442.8454874475421,3.3722018037074393,53.91205123793433,3.954683875814498,26.352229130002954,0.08688973560224843,nan,0.0,2.528643351357996,0.027777777777777776
prefix_conditioned,11,1019,17.979999999999706,0.7705279193259926,9.391648175422947,8.621120256096955,404.59969217786875,3.466916067254963,51.933760975232815,3.8809554095478496,25.524614631859507,0.08606603969023376,nan,0.0,2.5228517496201595,0.023333333333333334
prefix_conditioned,12,1020,17.979999999999706,1.3554588578824713,9.391648175422947,8.036189317540476,440.59412628444807,3.4096895464729298,50.21281528297619,3.88552390985458,25.858804208447495,0.08345487435967325,nan,0.0,2.4838033218575943,0.01
prefix_conditioned,13,1021,17.979999999999706,1.5603894140808299,9.391648175422947,7.831258761342117,444.06273190006243,3.7382221386448684,55.52766327112502,4.037772522143787,26.63303965401846,0.08716355628606648,12.299999999999827,1.0,2.813424222889243,0.02666666666666667
prefix_conditioned,14,1022,17.979999999999706,1.0191002343501552,9.391648175422947,8.372547941072792,442.4969271210385,3.4354381568594725,52.01828598080395,3.886755751123391,25.927110376891722,0.08489439559707686,nan,0.0,2.625631576839564,0.0077777777777777776
prefix_conditioned,15,1023,17.979999999999706,1.1309944755748855,9.391648175422947,8.260653699848062,426.6719005629191,3.2381474382199764,50.38439484356202,3.814816400942684,25.644085316337627,0.08372207379139841,nan,0.0,2.428046538335319,0.02
prefix_conditioned,16,1024,17.979999999999706,0.8469037386971614,9.391648175422947,8.544744436725786,424.40075656009606,3.412055881232384,55.026461911419474,3.9756766998705744,26.510299336960333,0.08715489531091077,nan,0.0,2.7405455901656186,0.01
prefix_conditioned,17,1025,17.979999999999706,1.465209739646232,9.391648175422947,7.926438435776715,419.19525344286683,3.289254053384499,50.80916818244776,3.8325123129273635,25.38354121242678,0.0832126008312944,12.279999999999827,1.0,2.514331064453916,0.03222222222222222
prefix_conditioned,18,1026,17.979999999999706,1.9500902862499085,9.391648175422947,7.441557889173039,428.6140611942108,3.440712400531807,51.49345356791865,3.851706737496466,25.58202092855597,0.08281325241342684,nan,0.0,2.7389424082287475,0.01
prefix_conditioned,19,1027,17.979999999999706,1.4406991963413835,9.391648175422947,7.950948979081564,420.19920464030236,3.432119410606063,53.860029271151305,3.9796474426678117,26.305093027723522,0.0871809968113353,nan,0.0,2.5349369618840147,0.008888888888888889
prefix_conditioned,20,1028,17.979999999999706,1.2548313160149718,9.391648175422947,8.136816859407975,425.68604366937615,3.1782622113416554,44.576898372716705,3.661783828490677,24.831907583007258,0.07977846951423727,nan,0.0,2.427098358388241,0.011111111111111112
prefix_conditioned,21,1029,17.979999999999706,1.034987035476954,9.391648175422947,8.356661139945993,431.47183696643106,3.4919307365501258,52.18962769126334,3.8999816237912386,25.890454614251382,0.08474959229527004,nan,0.0,2.622217577832722,0.0077777777777777776
prefix_conditioned,22,1030,17.979999999999706,0.5167792411691465,9.391648175422947,8.8748689342538,418.5008208479842,3.4403417657532747,56.28968098244202,4.009282176304649,26.63963934785074,0.08973779278462857,17.519999999999715,1.0,2.6065934850110426,0.03333333333333333
prefix_conditioned,23,1031,17.979999999999706,1.280180574316109,9.391648175422947,8.111467601106838,422.9806868284339,3.374517221604201,54.65235305821867,3.9255607365544622,25.903180786761055,0.08380461207269006,nan,0.0,2.758407323190122,0.01
prefix_conditioned,24,1032,17.979999999999706,0.4231094164631113,9.391648175422947,8.968538758959836,419.4984169757752,3.3237982616279673,54.490437829393116,3.941142732361224,26.004550916901678,0.08631139188122117,nan,0.0,2.5206528959221854,0.021111111111111112
prefix_conditioned,25,1033,17.979999999999706,0.782984393982435,9.391648175422947,8.608663781440512,434.47183208551934,3.302710248689955,54.04028104584894,3.9358074905504457,26.460381090525583,0.08865748294128371,nan,0.0,2.585369453010317,0.02
prefix_conditioned,26,1034,17.979999999999706,0.7236527935322989,9.391648175422947,8.667995381890648,400.0,3.73553361329674,62.43227695544522,4.271356099977495,27.65428588944834,0.09362601685571574,nan,0.0,2.844814914670082,0.016666666666666666
prefix_conditioned,27,1035,17.979999999999706,1.3163306507628043,9.391648175422947,8.075317524660143,425.71263598148136,3.3104004581604856,47.546450132579075,3.774101240748671,25.43119158231926,0.08399423062880716,nan,0.0,2.4561417927479643,0.008888888888888889
prefix_conditioned,28,1036,17.979999999999706,0.49303708267689395,9.391648175422947,8.898611092746053,416.4813877457966,3.69020571130177,61.6146012915797,4.240008945075842,27.420691234613237,0.09176924494835541,nan,0.0,2.754417956749499,0.014444444444444444
prefix_conditioned,29,1037,17.979999999999706,0.9842709126324749,9.391648175422947,8.407377262790472,410.13271565831513,3.5448170725542343,48.593747393918676,3.7954621545893636,25.047944401885886,0.08451265848481772,nan,0.0,2.601396582483188,0.01
prefix_conditioned,30,1038,17.979999999999706,0.002997408675899038,9.391648175422947,9.388650766747048,420.74471900109893,3.515762949605791,58.310484187484136,4.1198281262372225,26.9880731731143,0.0902638286200511,nan,0.0,2.6180454425204394,0.02666666666666667
prefix_conditioned,31,1039,17.979999999999706,1.5247191338810078,9.391648175422947,7.8669290415419395,447.7191253189984,3.4210571653970154,51.19328770621847,3.963913546783899,26.548328503599564,0.0867755651535261,nan,0.0,2.4601089853236964,0.008888888888888889
history_conditioned,0,1008,17.979999999999706,0.6994856355745522,9.391648175422947,10.0911338109975,411.0190017757238,3.7683528753455517,83.92785671469181,5.315651147588926,32.8188827867867,0.11009890293895604,nan,0.0,2.32593036190383,0.017777777777777778
history_conditioned,1,1009,17.979999999999706,2.638771278056753,9.391648175422947,12.0304194534797,453.8582963758828,3.9754051773888666,87.24985360444614,5.465919171060349,33.8703124965953,0.11332077370260436,nan,0.0,2.6269139629517504,0.017777777777777778
history_conditioned,2,1010,17.979999999999706,2.311183342736987,9.391648175422947,11.702831518159934,450.5287128224596,4.085179134793509,91.19700479062783,5.656302695690922,34.65821806396106,0.11761083944391983,nan,0.0,2.689812782165044,0.01888888888888889
history_conditioned,3,1011,17.979999999999706,1.1859772743496801,9.391648175422947,10.577625449772627,469.6571389639421,3.7799747891694024,82.0248587509822,5.23467381856367,33.05747505595206,0.11127441012048503,nan,0.0,2.3412824251357196,0.017777777777777778
history_conditioned,4,1012,17.979999999999706,1.9830601756695252,9.391648175422947,11.374708351092472,438.0076369373688,4.018516154815865,87.36210122657846,5.441942742576585,33.43021349718583,0.1126773436757742,nan,0.0,2.9386721958994557,0.016666666666666666
history_conditioned,5,1013,17.979999999999706,2.414708648816273,9.391648175422947,11.80635682423922,468.3081749603523,4.147938344031062,87.60459593297914,5.468158371184716,33.951394927614594,0.11401513222117346,nan,0.0,2.859215394563083,0.02
history_conditioned,6,1014,17.979999999999706,1.0100984247223153,9.391648175422947,10.401746600145263,477.8132726110206,3.862778800318834,82.4847558559709,5.219358393880049,33.13594443394304,0.11080087194340674,nan,0.0,2.7238963411301818,0.014444444444444444
history_conditioned,7,1015,17.979999999999706,0.5623159999427703,9.391648175422947,9.953964175365718,468.17172237730676,3.726327690706143,77.67208824650305,4.966315700175908,31.804849936899526,0.10616301674370159,nan,0.0,2.4235611990430197,0.015555555555555555
history_conditioned,8,1016,17.979999999999706,1.5085255661220884,9.391648175422947,10.900173741545036,456.9869402903401,3.9714399452120546,85.2778785758116,5.379556106889103,33.72249928088503,0.11370004560171683,nan,0.0,2.5346508086053348,0.014444444444444444
history_conditioned,9,1017,17.979999999999706,1.843717406883691,9.391648175422947,11.235365582306638,471.1777682577791,4.067825729167057,87.48032376306612,5.482317477797518,34.092405158172355,0.11384224602392382,nan,0.0,2.552355762392064,0.01888888888888889
history_conditioned,10,1018,17.979999999999706,1.7113716934382808,9.391648175422947,11.103019868861228,459.8921168467772,4.008849815596614,88.73444197845238,5.523093377919374,34.2375872544301,0.11650295874033,nan,0.0,2.584225481162244,0.014444444444444444
history_conditioned,11,1019,17.979999999999706,1.6348457457631458,9.391648175422947,11.026493921186093,458.3198506678143,4.0781724206032415,88.96261300207658,5.5480681716163,34.54358626576388,0.11712882914458032,nan,0.0,2.685865271744841,0.015555555555555555
history_conditioned,12,1020,17.979999999999706,1.2654335657947726,9.391648175422947,10.65708174121772,463.50150408313266,4.000817608010075,82.96423518515866,5.273552710927181,33.079160027417416,0.10924079673488253,nan,0.0,2.2545435352634726,0.024444444444444446
history_conditioned,13,1021,17.979999999999706,1.1304233784009643,9.391648175422947,10.522071553823912,487.813772426845,4.2825389184830165,86.45219320664066,5.405571513947571,34.137660913518765,0.11254289061184994,nan,0.0,2.4184334937393244,0.015555555555555555
history_conditioned,14,1022,17.979999999999706,1.6919131699562246,9.391648175422947,11.083561345379172,462.74984811854637,4.032837058986505,87.00549829854194,5.446002047783485,33.8178151674863,0.11461750689200724,nan,0.0,2.5117172824216545,0.016666666666666666
history_conditioned,15,1023,17.979999999999706,1.4374324063764679,9.391648175422947,10.829080581799415,460.9401401314159,3.848639418274655,84.78070514310028,5.317688223342041,33.27193220242241,0.11205811823497361,nan,0.0,2.7246754450553596,0.015555555555555555
history_conditioned,16,1024,17.979999999999706,2.1521456870274847,9.391648175422947,11.543793862450432,462.4352024333537,3.9553535889683418,86.99930927850976,5.4363734394875864,33.83405738888574,0.11417928725988581,nan,0.0,2.702219498605885,0.014444444444444444
history_conditioned,17,1025,17.979999999999706,1.077420920039721,9.391648175422947,10.469069095462668,434.5461668210866,3.866248786367877,86.7747102561657,5.406827994986287,33.41741247110486,0.11360937161793568,nan,0.0,2.5939762275380245,0.015555555555555555
history_conditioned,18,1026,17.979999999999706,1.225681245341578,9.391648175422947,10.617329420764525,462.43863960775224,3.9099698294963208,84.99762855175352,5.3384673657167045,33.57628038309397,0.11041409439985889,nan,0.0,2.6420964397767346,0.015555555555555555
history_conditioned,19,1027,17.979999999999706,1.3113872025854079,9.391648175422947,10.703035378008355,473.5425961839972,3.888256756231627,82.85137265220764,5.27236073070166,33.42360748203349,0.11087131650842576,nan,0.0,2.2528932208991623,0.021111111111111112
history_conditioned,20,1028,17.979999999999706,1.5138492507145447,9.391648175422947,10.905497426137492,445.87196084135536,3.762560855452817,81.2259970442068,5.121938472743402,31.9533882176979,0.10718390484112764,nan,0.0,2.7061030978986826,0.016666666666666666
history_conditioned,21,1029,17.979999999999706,1.5059069731171668,9.391648175422947,10.897555148540114,468.0751281050047,4.081162600003423,86.46553618156486,5.410284752079167,33.792419970658614,0.11387473815782093,nan,0.0,2.5089258151817972,0.017777777777777778
history_conditioned,22,1030,17.979999999999706,1.580505704005919,9.391648175422947,10.972153879428866,471.9106546727766,4.034889093872191,89.22370964346209,5.517448429794202,34.64278917774146,0.11782953673068583,nan,0.0,2.6819324696698983,0.017777777777777778
history_conditioned,23,1031,17.979999999999706,2.19259281383089,9.391648175422947,11.584240989253837,439.5468705923182,3.9461957347337653,87.20085882637858,5.422985939868269,33.348411492195616,0.11136473540949471,nan,0.0,2.6827403213505496,0.017777777777777778
history_conditioned,24,1032,17.979999999999706,2.537629195446506,9.391648175422947,11.929277370869453,467.5311313805894,3.9445012555701355,89.2789397017259,5.548856099844037,34.310626470902804,0.11574996740256159,nan,0.0,2.739960027968462,0.014444444444444444
history_conditioned,25,1033,17.979999999999706,1.308966901626448,9.391648175422947,10.700615077049395,464.0479796506932,3.8504967833578663,86.75051768961293,5.379214668006233,33.511803565403945,0.11562541346368516,nan,0.0,2.758514184120855,0.014444444444444444
history_conditioned,26,1034,17.979999999999706,2.261470196646796,9.391648175422947,11.653118372069743,453.5786581046035,4.295643728228447,91.18408985743274,5.687447094625085,35.38566092300264,0.11913377304098788,nan,0.0,2.760464086422373,0.021111111111111112
history_conditioned,27,1035,17.979999999999706,0.8208922383586579,9.391648175422947,10.212540413781605,464.6945951099731,3.7936160364797615,82.19077073482369,5.195353118836521,32.87093761621752,0.11086055748539761,nan,0.0,2.4447158098627764,0.017777777777777778
history_conditioned,28,1036,17.979999999999706,1.7364041356333573,9.391648175422947,11.128052311056305,469.9648687782237,4.329686089870033,94.18809571327989,5.789667253464017,35.82590169832092,0.12143222717235341,nan,0.0,2.742505646207775,0.021111111111111112
history_conditioned,29,1037,17.979999999999706,1.8726730366992612,9.391648175422947,11.264321212122208,463.64082392933284,4.185343652655241,86.71797455102444,5.4317232364770724,33.72530409888716,0.11489025581606946,nan,0.0,2.657266418210811,0.024444444444444446
history_conditioned,30,1038,17.979999999999706,2.457323875092017,9.391648175422947,11.848972050514964,474.0742016077181,4.161240391528846,91.01765142655775,5.654079448961153,35.039541716133016,0.11864089976273329,nan,0.0,2.7679306739982716,0.01888888888888889
history_conditioned,31,1039,17.979999999999706,0.49888633818076045,9.391648175422947,9.890534513603708,462.4662050945028,3.868940538500032,79.7467119070258,5.156632727176289,32.80824864376477,0.10932068267706443,nan,0.0,2.003593894910725,0.02666666666666667
vlash,0,1008,17.979999999999706,1.647170632044121,9.391648175422947,11.038818807467068,800.0,2.486213709792536,135.88195699883806,7.694233925616878,89.7338258451298,0.15511035213638566,nan,0.0,1.8724276030699507,0.022222222222222223
vlash,1,1009,17.979999999999706,1.4224449397965895,9.391648175422947,10.814093115219537,800.0,2.8719248782843745,140.6239359200851,7.877737733190219,86.48998481526326,0.160644579020293,nan,0.0,2.0186227034701303,0.027777777777777776
vlash,2,1010,17.979999999999706,0.9323322996915202,9.391648175422947,8.459315875731427,800.0,2.771116970340627,133.52135286217992,7.62421181341299,84.26103107291931,0.15480827305245085,nan,0.0,1.7329328068951235,0.02666666666666667
vlash,3,1011,17.979999999999706,0.2404329450410021,9.391648175422947,9.151215230381945,800.0,2.76964574441606,141.0506668331764,7.877787290173252,86.49123863838327,0.16251509044242182,nan,0.0,1.6265583471905452,0.022222222222222223
vlash,4,1012,17.979999999999706,0.5828422391874177,9.391648175422947,8.80880593623553,800.0,1.8833532847656307,108.80993340776217,6.526969022016948,78.70390996386752,0.13400107522345678,nan,0.0,0.954185410714827,0.04555555555555556
vlash,5,1013,17.979999999999706,3.494559469073174,9.391648175422947,12.886207644496121,800.0,2.741282648706311,140.3372049031505,7.84440065986941,85.6441812638371,0.16097309655448522,nan,0.0,2.1692655572809874,0.022222222222222223
vlash,6,1014,17.979999999999706,0.49766641175020787,9.391648175422947,8.89398176367274,800.0,2.8411560054074108,137.01576619964283,7.716281272941069,85.79630638444122,0.15889226994919256,nan,0.0,1.7191048682773176,0.025555555555555557
vlash,7,1015,17.979999999999706,0.4672333687626722,9.391648175422947,8.924414806660275,800.0,2.680160859411966,135.59449044341503,7.6777874993738235,82.74667948502162,0.1588453895385111,nan,0.0,1.708082233013957,0.022222222222222223
vlash,8,1016,17.979999999999706,1.211884077265477,9.391648175422947,10.603532252688424,800.0,2.823238465095899,135.1092526325312,7.678381156028987,81.35766078859609,0.15914707229227593,nan,0.0,2.0832873861904284,0.025555555555555557
vlash,9,1017,17.979999999999706,0.2220882419578043,9.391648175422947,9.613736417380752,800.0,2.469920416645734,125.07924789425994,7.30068639597079,81.21737512687307,0.14943264529819897,nan,0.0,1.837218209669669,0.03
vlash,10,1018,17.979999999999706,2.0964144141304946,9.391648175422947,11.488062589553442,800.0,2.868922538572878,132.17660535965337,7.571997774384172,78.53920006098507,0.1557583143013329,nan,0.0,1.7621401089883522,0.024444444444444446
vlash,11,1019,17.979999999999706,0.7738342653164683,9.391648175422947,10.165482440739416,800.0,3.1336930080301353,137.28746534525843,7.771825046516584,83.78606298977178,0.15969881582186252,nan,0.0,1.9020720125743054,0.025555555555555557
vlash,12,1020,17.979999999999706,2.0711498405903246,9.391648175422947,11.462798016013272,800.0,2.76390523027331,136.04921976964704,7.7068114511843735,85.72197562159754,0.1584072959787086,nan,0.0,2.241203717596034,0.024444444444444446
vlash,13,1021,17.979999999999706,0.07898237824559828,9.391648175422947,9.470630553668546,800.0,3.0382656352861575,134.25718743994543,7.641720772015388,80.39314417384277,0.1574729134994296,nan,0.0,1.6961072009408291,0.024444444444444446
vlash,14,1022,17.979999999999706,0.4702384643844333,9.391648175422947,9.86188663980738,800.0,2.6784381333533793,137.65864817154872,7.791730498351186,84.29804147923791,0.15871721380558187,nan,0.0,1.8446080475163789,0.021111111111111112
vlash,15,1023,17.979999999999706,2.6097863285086866,9.391648175422947,12.001434503931634,800.0,2.7567018799586087,138.30046036595354,7.775766252535381,83.88757676063847,0.16082019637237988,nan,0.0,2.2378618196565365,0.022222222222222223
vlash,16,1024,17.979999999999706,2.0365649571990403,9.391648175422947,11.428213132621988,800.0,2.8833917068172363,138.06033131793134,7.791061678769755,84.2808683864482,0.15971783653595284,nan,0.0,1.8441674173577753,0.02
vlash,17,1025,17.979999999999706,0.6426036392402086,9.391648175422947,8.749044536182739,800.0,1.8344699786358085,101.47202147970063,6.277533722750655,72.95719799170745,0.12809177702987018,nan,0.0,0.9299134998617261,0.052222222222222225
vlash,18,1026,17.979999999999706,0.7102716666542808,9.391648175422947,8.681376508768667,800.0,2.7535750322288854,130.86066211828947,7.538379327433766,79.80761768103298,0.15438597042885555,nan,0.0,2.247825437249848,0.02666666666666667
vlash,19,1027,17.979999999999706,1.5280093259077132,9.391648175422947,7.863638849515234,800.0,2.661437858612497,136.05938685679553,7.734124179235923,86.99902287279002,0.1603281746202771,nan,0.0,1.909024475005611,0.03
vlash,20,1028,17.979999999999706,4.477301332146187,9.391648175422947,13.868949507569134,800.0,2.8892759068920464,137.46725382101505,7.767410432514515,83.67227062614663,0.15822302243291977,nan,0.0,2.0706180265726606,0.025555555555555557
vlash,21,1029,17.979999999999706,2.231010177906388,9.391648175422947,11.622658353329335,800.0,2.732204217699256,136.93272099246516,7.756629665591617,88.75431372282472,0.15972363624542502,nan,0.0,2.1747889112142564,0.025555555555555557
vlash,22,1030,17.979999999999706,1.0140788396957774,9.391648175422947,8.37756933572717,800.0,2.7200018863794284,140.67467922993302,7.858255381589694,90.03593226132072,0.1636468013963973,nan,0.0,2.058842251178608,0.028888888888888888
vlash,23,1031,17.979999999999706,0.5839720016454155,9.391648175422947,8.807676173777532,800.0,1.8319854853583102,102.84775637353269,6.280861345095396,76.10572196188718,0.12957914401574966,nan,0.0,0.9068073834052343,0.04888888888888889
vlash,24,1032,17.979999999999706,0.47254779099268696,9.391648175422947,8.91910038443026,800.0,2.6461894792445433,137.79063816401697,7.758467527258479,87.14772394309466,0.15741334694874654,nan,0.0,1.4790655389824425,0.02666666666666667
vlash,25,1033,17.979999999999706,0.6137678907852244,9.391648175422947,8.777880284637723,800.0,1.927010362123775,106.44836815720923,6.539894851359721,75.32006561734708,0.13783146184032757,nan,0.0,1.022687075889683,0.04666666666666667
vlash,26,1034,17.979999999999706,2.386260659864968,9.391648175422947,11.777908835287915,800.0,3.3183414600503776,133.77074940504,7.663944245326647,80.75433238637679,0.15693523090917066,8.799999999999901,1.0,1.8322987720343866,0.04111111111111111
vlash,27,1035,17.979999999999706,0.5365937748948042,9.391648175422947,9.928241950317751,800.0,2.6871126287810725,136.68433492287636,7.729029004678748,82.67909931085713,0.15693456788826085,nan,0.0,1.9663628494209449,0.022222222222222223
vlash,28,1036,17.979999999999706,2.736280353809901,9.391648175422947,12.127928529232848,800.0,3.3489992400516133,138.42927160207913,7.794277142138404,84.36341242171724,0.1587566081856508,nan,0.0,1.8871733849390466,0.013333333333333334
vlash,29,1037,17.979999999999706,0.802968640847256,9.391648175422947,10.194616816270203,800.0,3.0561475905706827,140.68239061476035,7.867113000534324,86.22093403043023,0.16097020257786526,nan,0.0,1.918994450341569,0.01888888888888889
vlash,30,1038,17.979999999999706,1.6049222237289715,9.391648175422947,10.996570399151919,800.0,2.8889266090165937,138.88964108550485,7.804390720060369,84.62273404561161,0.15958142479464885,nan,0.0,1.9442816753441856,0.021111111111111112
vlash,31,1039,17.979999999999706,1.6827994774228294,9.391648175422947,11.074447652845777,800.0,2.822785007686679,135.89316418529202,7.710238523472527,82.19030964770948,0.1579013306765836,nan,0.0,1.941733298616516,0.024444444444444446
vlash_reflex,0,1008,17.979999999999706,0.51517677678914,9.391648175422947,8.876471398633807,793.7414209133665,2.194433474854012,125.24355510019188,7.288783726480727,87.69281516042425,0.14868607512775192,nan,0.0,1.0481843325207258,0.03777777777777778
vlash_reflex,1,1009,17.979999999999706,0.05646262608152064,9.391648175422947,9.335185549341427,774.4621972494512,2.7141726127899073,132.64177251703543,7.545447937148334,75.11707406055592,0.15301256905199825,nan,0.0,1.5170309970068747,0.027777777777777776
vlash_reflex,2,1010,17.979999999999706,0.5924082875690022,9.391648175422947,9.98405646299195,777.038997611175,2.656168969327946,137.6346639201291,7.761476150717372,80.52950604693731,0.15824835235760024,nan,0.0,1.6761021105404696,0.023333333333333334
vlash_reflex,3,1011,17.979999999999706,0.1386041362123649,9.391648175422947,9.253044039210582,778.502738281714,2.7614462315119988,137.27593729673984,7.745599144352648,80.43308087379545,0.1613805301961092,nan,0.0,1.6216949883805076,0.021111111111111112
vlash_reflex,4,1012,17.979999999999706,0.6417676504524046,9.391648175422947,8.749880524970543,752.5,1.8242602079679058,104.20024191936744,6.343731952094599,75.43482359606418,0.13087968538282202,nan,0.0,0.914663298892297,0.056666666666666664
vlash_reflex,5,1013,17.979999999999706,3.412252607625094,9.391648175422947,12.803900783048041,783.5487978312117,2.759127249522738,135.83256638728588,7.730956315123439,80.12290299461016,0.16064462356686332,nan,0.0,2.0117427969313835,0.022222222222222223
vlash_reflex,6,1014,17.979999999999706,0.5716278225023554,9.391648175422947,9.963275997925303,783.4099667020851,2.916497579367851,142.93656009702116,7.947105855000639,85.41774278635985,0.16314755345628118,nan,0.0,1.905336101546364,0.01888888888888889
vlash_reflex,7,1015,17.979999999999706,0.48101814325084824,9.391648175422947,8.910630032172099,779.791446801725,2.8304151676426192,135.34747002992776,7.680094511558909,79.99041237573006,0.1591392622794633,nan,0.0,1.7382277249382454,0.023333333333333334
vlash_reflex,8,1016,17.979999999999706,2.7471649269729568,9.391648175422947,12.138813102395904,787.0857002500885,2.783301292735226,141.60595677644636,7.884469179728044,84.1909543233437,0.1630011768309125,nan,0.0,2.0875248423176287,0.021111111111111112
vlash_reflex,9,1017,17.979999999999706,0.4954523882803379,9.391648175422947,9.887100563703285,788.1500001825098,2.5110029225474597,135.9704228524613,7.6732329552156395,85.77721466379703,0.15699414224713876,nan,0.0,1.883506223674957,0.024444444444444446
vlash_reflex,10,1018,17.979999999999706,2.9939215020373275,9.391648175422947,12.385569677460275,779.2385704076701,2.917924261692432,138.8452130519333,7.7934717835186245,81.65984474436763,0.1605438434690983,nan,0.0,1.9802429173087044,0.024444444444444446
vlash_reflex,11,1019,17.979999999999706,0.7511427621046138,9.391648175422947,8.640505413318333,786.5235647631267,2.5821019519993516,127.05177577330791,7.317371363808642,78.08613431670277,0.15161777229019854,nan,0.0,1.2357829826243532,0.034444444444444444
vlash_reflex,12,1020,17.979999999999706,0.7077511016685438,9.391648175422947,8.683897073754403,787.8167057806617,2.0013235555918425,109.93613025026166,6.617259318227596,74.09079109489785,0.13721095088815075,nan,0.0,0.9514521928751852,0.044444444444444446
vlash_reflex,13,1021,17.979999999999706,0.46800404806014484,9.391648175422947,8.923644127362802,779.6320763524101,2.865676703716667,138.6023810108023,7.77980433371494,82.70939063146305,0.1595598763281562,nan,0.0,1.706546064388735,0.01888888888888889
vlash_reflex,14,1022,17.979999999999706,0.30956255335876826,9.391648175422947,9.701210728781716,788.1379278020988,2.6207028103107364,142.02035947440115,7.901651184229302,84.63588433599179,0.1605649589121966,nan,0.0,1.9899868820246116,0.023333333333333334
vlash_reflex,15,1023,17.979999999999706,0.8646180600874427,9.391648175422947,10.25626623551039,783.2201277333475,2.772412957091436,138.63686376139327,7.800512289036231,81.89239417113805,0.1605366725167843,nan,0.0,1.8746530025359294,0.02666666666666667
vlash_reflex,16,1024,17.979999999999706,0.7011338908247513,9.391648175422947,10.092782066247699,780.4066775202344,2.8714196904376705,140.6055603742435,7.870706860818185,83.52767720958532,0.16133295816163182,nan,0.0,1.8308730428226154,0.021111111111111112
vlash_reflex,17,1025,17.979999999999706,2.220814585253713,9.391648175422947,11.61246276067666,774.3717203532922,2.6247332134916754,132.31173016988936,7.559689821926396,81.94976962254518,0.15197509873635923,nan,0.0,1.816390260032446,0.022222222222222223
vlash_reflex,18,1026,17.979999999999706,2.194873930669022,9.391648175422947,11.58652210609197,782.5384229511405,2.692085306814416,141.38492656585,7.872351939827994,83.70839017062055,0.1620264962603028,nan,0.0,2.100265952761427,0.02
vlash_reflex,19,1027,17.979999999999706,1.4777059097777654,9.391648175422947,7.913942265645182,784.1823131585679,2.673213154285307,135.14775822727165,7.65797221363277,82.71634704839396,0.16047232382626692,nan,0.0,1.5362419079644032,0.03111111111111111
vlash_reflex,20,1028,17.979999999999706,0.4588816082608673,9.391648175422947,8.93276656716208,788.1280999391408,1.8592738990449091,102.12180747433955,6.294109118541051,72.0559521547791,0.13096962950689228,nan,0.0,0.9129633187312436,0.04777777777777778
vlash_reflex,21,1029,17.979999999999706,0.9791110982345543,9.391648175422947,8.412537077188393,794.4755675208287,2.0235501325545737,113.58142937807835,6.7935082125484785,79.23573208857545,0.13904535918716746,nan,0.0,0.9375575794965069,0.043333333333333335
vlash_reflex,22,1030,17.979999999999706,0.8791813696022022,9.391648175422947,10.27082954502515,779.0105421860355,2.780555168463482,137.45129058754668,7.745437557535351,80.29917382964447,0.16217221018451325,nan,0.0,1.9139028337894046,0.021111111111111112
vlash_reflex,23,1031,17.979999999999706,3.7011071291306656,9.391648175422947,13.092755304553613,783.0037032011057,2.7690752689301523,134.3151129616326,7.637037861975856,86.22598103595519,0.15711616901975223,nan,0.0,2.1413010486189985,0.024444444444444446
vlash_reflex,24,1032,17.979999999999706,4.624126182874159,9.391648175422947,14.015774358297106,786.3123218773387,2.9162518952973158,135.80401048341287,7.722506465585559,79.88569419985905,0.15713323023037187,nan,0.0,1.8998801807560342,0.023333333333333334
vlash_reflex,25,1033,17.979999999999706,1.472258023555641,9.391648175422947,10.863906198978588,781.1337452621142,2.463696681441049,130.73872914716904,7.452171194466046,84.28259218933886,0.15323211320970107,nan,0.0,2.04799504168449,0.028888888888888888
vlash_reflex,26,1034,17.979999999999706,0.5197136803398656,9.391648175422947,8.871934495083082,789.5770395498744,3.3575314318988028,137.58382536023265,7.744021685517101,84.68652939395282,0.1597484148762276,nan,0.0,1.8348463472872836,0.02
vlash_reflex,27,1035,17.979999999999706,0.47224010867344823,9.391648175422947,8.919408066749499,783.8312076809117,2.4971185320922356,123.04338899833205,7.1586815414489315,77.11799990243343,0.14784365035655073,nan,0.0,1.2532019212793553,0.04
vlash_reflex,28,1036,17.979999999999706,2.4198437053980886,9.391648175422947,11.811491880821036,777.3627177112887,3.3017298160158166,138.0339341657006,7.767186645309385,80.85281601741634,0.15807830771897846,nan,0.0,1.8740842946257703,0.013333333333333334
vlash_reflex,29,1037,17.979999999999706,0.4287373924885447,9.391648175422947,9.820385567911492,777.7479430357351,2.915765652575433,133.97627154921025,7.626938499037083,77.22546307391319,0.1566318859983045,nan,0.0,1.8602641682754877,0.021111111111111112
vlash_reflex,30,1038,17.979999999999706,0.495300458318507,9.391648175422947,8.89634771710444,775.2857533336067,2.661367231886453,135.4799065429923,7.679689123190978,79.01260349017682,0.15689238730204416,nan,0.0,1.8487360609251735,0.022222222222222223
vlash_reflex,31,1039,17.979999999999706,0.7268841100526604,9.391648175422947,10.118532285475608,783.5109074535603,2.7395445722466643,139.38395518242197,7.8119578947992885,82.30632142166006,0.1601474179021527,nan,0.0,1.5429754090418935,0.024444444444444446
