trial,method,label,route,success,completion_steps,completion_time_s,active_steps,idle_steps,idle_fraction,stale_instruction_errors,stale_error_fraction,wrong_instruction_errors,wrong_instruction_fraction,control_smoothness,safety_violations,planner_calls,instruction_switches,instruction_parse_failures,stage_completions,route_stages,path_length,planner_profile,planner_latency,planner_cadence,transport_delay,controller_capacity,controller_noise
0,controller_only,Controller only,mint>cobalt>amber>depot,0,260,20.8,260,0,0.0,0,0.0,260,1.0,0.40743227413218625,23,0,0,0,0,4,19.26667361113661,balanced,10,16,4,medium,0.055
0,direct_blocking,Direct planner actions,mint>cobalt>amber>depot,1,166,13.280000000000001,96,70,0.42168674698795183,17,0.17708333333333334,3,0.03125,1.2693834641322652,16,7,7,0,4,4,8.575997089419248,balanced,10,16,4,medium,0.055
0,sync_instruction,Synchronous instructions,mint>cobalt>amber>depot,0,260,20.8,241,19,0.07307692307692308,0,0.0,226,0.9377593360995851,0.14142234538480414,1,2,2,0,1,4,1.9389454073505938,balanced,10,16,4,medium,0.055
0,async_online,Asynchronous online,mint>cobalt>amber>depot,0,260,20.8,251,9,0.03461538461538462,6,0.02390438247011952,236,0.9402390438247012,0.12952713684732134,0,3,2,0,1,4,1.420299389308866,balanced,10,16,4,medium,0.055
0,oracle,Oracle planner/controller,mint>cobalt>amber>depot,1,70,5.6000000000000005,70,0,0.0,0,0.0,0,0.0,0.45220553960062804,0,4,0,0,4,4,5.236064749482085,balanced,10,16,4,medium,0.055
1,controller_only,Controller only,mint>cobalt>amber>depot,0,260,20.8,260,0,0.0,0,0.0,260,1.0,0.38247075509882533,19,0,0,0,0,4,19.11071147708228,balanced,10,16,4,medium,0.055
1,direct_blocking,Direct planner actions,mint>cobalt>amber>depot,0,260,20.8,150,110,0.4230769230769231,35,0.23333333333333334,66,0.44,1.2450349193803414,37,11,11,0,3,4,13.833379242624188,balanced,10,16,4,medium,0.055
1,sync_instruction,Synchronous instructions,mint>cobalt>amber>depot,1,111,8.88,72,39,0.35135135135135137,0,0.0,0,0.0,0.4596353878658803,14,4,4,0,4,4,6.564121152225863,balanced,10,16,4,medium,0.055
1,async_online,Asynchronous online,mint>cobalt>amber>depot,1,97,7.76,88,9,0.09278350515463918,17,0.19318181818181818,17,0.19318181818181818,0.366176297021732,5,4,4,0,4,4,5.8915901647237305,balanced,10,16,4,medium,0.055
1,oracle,Oracle planner/controller,mint>cobalt>amber>depot,1,71,5.68,71,0,0.0,0,0.0,0,0.0,0.4610083727701929,2,4,0,0,4,4,5.270922027712362,balanced,10,16,4,medium,0.055
2,controller_only,Controller only,amber>mint>cobalt>depot,0,260,20.8,260,0,0.0,0,0.0,244,0.9384615384615385,0.39152085848160983,22,0,0,0,1,4,19.202445423260063,balanced,10,16,4,medium,0.055
2,direct_blocking,Direct planner actions,amber>mint>cobalt>depot,0,260,20.8,150,110,0.4230769230769231,6,0.04,48,0.32,1.1140807445203673,14,11,11,0,2,4,16.446517985784226,balanced,10,16,4,medium,0.055
2,sync_instruction,Synchronous instructions,amber>mint>cobalt>depot,1,144,11.52,105,39,0.2708333333333333,0,0.0,0,0.0,0.421984918689282,15,4,4,0,4,4,8.5586229621035,balanced,10,16,4,medium,0.055
2,async_online,Asynchronous online,amber>mint>cobalt>depot,1,104,8.32,95,9,0.08653846153846154,1,0.010526315789473684,1,0.010526315789473684,0.3792915818921359,5,4,4,0,4,4,6.6820024718920115,balanced,10,16,4,medium,0.055
2,oracle,Oracle planner/controller,amber>mint>cobalt>depot,1,98,7.84,98,0,0.0,0,0.0,0,0.0,0.33373338195211416,9,4,0,0,4,4,6.514842066510345,balanced,10,16,4,medium,0.055
3,controller_only,Controller only,mint>amber>depot,0,260,20.8,260,0,0.0,0,0.0,260,1.0,0.4060278665826759,25,0,0,0,0,3,19.161184869958017,balanced,10,16,4,medium,0.055
3,direct_blocking,Direct planner actions,mint>amber>depot,1,164,13.120000000000001,94,70,0.4268292682926829,18,0.19148936170212766,32,0.3404255319148936,1.2875956697002475,13,7,7,0,3,3,7.662742704950066,balanced,10,16,4,medium,0.055
3,sync_instruction,Synchronous instructions,mint>amber>depot,1,96,7.68,67,29,0.3020833333333333,0,0.0,0,0.0,0.4082236624657452,5,3,3,0,3,3,5.70963998234565,balanced,10,16,4,medium,0.055
3,async_online,Asynchronous online,mint>amber>depot,1,76,6.08,67,9,0.11842105263157894,5,0.07462686567164178,5,0.07462686567164178,0.3357807455544317,0,3,3,0,3,3,5.009488609725764,balanced,10,16,4,medium,0.055
3,oracle,Oracle planner/controller,mint>amber>depot,1,59,4.72,59,0,0.0,0,0.0,0,0.0,0.3922659082830642,0,3,0,0,3,3,4.417276664471699,balanced,10,16,4,medium,0.055
4,controller_only,Controller only,cobalt>mint>depot,0,260,20.8,260,0,0.0,0,0.0,241,0.926923076923077,0.36796211561233716,29,0,0,0,1,3,19.42829073264578,balanced,10,16,4,medium,0.055
4,direct_blocking,Direct planner actions,cobalt>mint>depot,1,216,17.28,126,90,0.4166666666666667,7,0.05555555555555555,35,0.2777777777777778,1.2141202170128762,17,9,9,0,3,3,11.8569109233553,balanced,10,16,4,medium,0.055
4,sync_instruction,Synchronous instructions,cobalt>mint>depot,1,88,7.04,59,29,0.32954545454545453,0,0.0,0,0.0,0.44854797880162467,5,3,3,0,3,3,4.781185434508837,balanced,10,16,4,medium,0.055
4,async_online,Asynchronous online,cobalt>mint>depot,1,79,6.32,70,9,0.11392405063291139,12,0.17142857142857143,12,0.17142857142857143,0.3844636847543489,3,3,3,0,3,3,4.117276952646823,balanced,10,16,4,medium,0.055
4,oracle,Oracle planner/controller,cobalt>mint>depot,1,54,4.32,54,0,0.0,0,0.0,0,0.0,0.44525960302741013,0,3,0,0,3,3,3.969600513253709,balanced,10,16,4,medium,0.055
5,controller_only,Controller only,amber>cobalt>depot,1,61,4.88,61,0,0.0,0,0.0,1,0.01639344262295082,0.35852027761151767,3,0,0,0,3,3,4.522547149036698,balanced,10,16,4,medium,0.055
5,direct_blocking,Direct planner actions,amber>cobalt>depot,1,215,17.2,125,90,0.4186046511627907,20,0.16,34,0.272,1.2282990491212318,29,9,9,0,3,3,11.063250037423291,balanced,10,16,4,medium,0.055
5,sync_instruction,Synchronous instructions,amber>cobalt>depot,1,127,10.16,98,29,0.2283464566929134,0,0.0,0,0.0,0.29815642959754346,49,3,3,0,3,3,5.632138674848017,balanced,10,16,4,medium,0.055
5,async_online,Asynchronous online,amber>cobalt>depot,1,124,9.92,115,9,0.07258064516129033,10,0.08695652173913043,10,0.08695652173913043,0.24911868687997352,52,3,3,0,3,3,5.07304176817131,balanced,10,16,4,medium,0.055
5,oracle,Oracle planner/controller,amber>cobalt>depot,1,78,6.24,78,0,0.0,0,0.0,0,0.0,0.3416339842682488,22,3,0,0,3,3,4.462321333333557,balanced,10,16,4,medium,0.055
6,controller_only,Controller only,cobalt>amber>mint>depot,0,260,20.8,260,0,0.0,0,0.0,222,0.8538461538461538,0.381711061462817,30,0,0,0,2,4,18.200860562519242,balanced,10,16,4,medium,0.055
6,direct_blocking,Direct planner actions,cobalt>amber>mint>depot,0,260,20.8,150,110,0.4230769230769231,34,0.22666666666666666,90,0.6,1.2278975298592107,15,11,11,0,3,4,10.862220565767801,balanced,10,16,4,medium,0.055
6,sync_instruction,Synchronous instructions,cobalt>amber>mint>depot,0,260,20.8,241,19,0.07307692307692308,0,0.0,226,0.9377593360995851,0.13933935759603444,2,2,2,0,1,4,1.9118783668298425,balanced,10,16,4,medium,0.055
6,async_online,Asynchronous online,cobalt>amber>mint>depot,0,260,20.8,251,9,0.03461538461538462,6,0.02390438247011952,236,0.9402390438247012,0.13124597456998502,0,3,2,0,1,4,1.4846187628755607,balanced,10,16,4,medium,0.055
6,oracle,Oracle planner/controller,cobalt>amber>mint>depot,1,78,6.24,78,0,0.0,0,0.0,0,0.0,0.39572942158982033,0,4,0,0,4,4,5.9435442749597165,balanced,10,16,4,medium,0.055
7,controller_only,Controller only,amber>cobalt>depot,1,65,5.2,65,0,0.0,0,0.0,2,0.03076923076923077,0.43445327796198746,4,0,0,0,3,3,4.7661691974974305,balanced,10,16,4,medium,0.055
7,direct_blocking,Direct planner actions,amber>cobalt>depot,1,207,16.56,117,90,0.43478260869565216,23,0.19658119658119658,37,0.3162393162393162,1.2024406986251401,17,9,9,0,3,3,10.173182925012252,balanced,10,16,4,medium,0.055
7,sync_instruction,Synchronous instructions,amber>cobalt>depot,1,113,9.040000000000001,84,29,0.25663716814159293,0,0.0,0,0.0,0.3540792154898574,32,3,3,0,3,3,5.828387802565029,balanced,10,16,4,medium,0.055
7,async_online,Asynchronous online,amber>cobalt>depot,1,95,7.6000000000000005,86,9,0.09473684210526316,10,0.11627906976744186,10,0.11627906976744186,0.36168131413552235,15,3,3,0,3,3,5.24066295736338,balanced,10,16,4,medium,0.055
7,oracle,Oracle planner/controller,amber>cobalt>depot,1,62,4.96,62,0,0.0,0,0.0,0,0.0,0.42461356249313476,3,3,0,0,3,3,4.539142046357476,balanced,10,16,4,medium,0.055
8,controller_only,Controller only,cobalt>amber>mint>depot,0,260,20.8,260,0,0.0,0,0.0,222,0.8538461538461538,0.3580379470735444,20,0,0,0,2,4,20.22775561630262,balanced,10,16,4,medium,0.055
8,direct_blocking,Direct planner actions,cobalt>amber>mint>depot,0,260,20.8,150,110,0.4230769230769231,8,0.05333333333333334,36,0.24,1.2466462637616107,33,11,11,0,3,4,11.569232036646431,balanced,10,16,4,medium,0.055
8,sync_instruction,Synchronous instructions,cobalt>amber>mint>depot,1,140,11.200000000000001,101,39,0.2785714285714286,0,0.0,0,0.0,0.40835676420173933,21,4,4,0,4,4,7.992197438553815,balanced,10,16,4,medium,0.055
8,async_online,Asynchronous online,cobalt>amber>mint>depot,1,104,8.32,95,9,0.08653846153846154,9,0.09473684210526316,9,0.09473684210526316,0.35262094597558535,1,4,4,0,4,4,7.016750338181877,balanced,10,16,4,medium,0.055
8,oracle,Oracle planner/controller,cobalt>amber>mint>depot,1,79,6.32,79,0,0.0,0,0.0,0,0.0,0.39456649563252133,0,4,0,0,4,4,6.1928607364532295,balanced,10,16,4,medium,0.055
9,controller_only,Controller only,mint>amber>depot,0,260,20.8,260,0,0.0,0,0.0,260,1.0,0.39179529017603826,15,0,0,0,0,3,20.526948976287052,balanced,10,16,4,medium,0.055
9,direct_blocking,Direct planner actions,mint>amber>depot,1,132,10.56,72,60,0.45454545454545453,10,0.1388888888888889,24,0.3333333333333333,1.1694686769220906,3,6,6,0,3,3,8.376160041923793,balanced,10,16,4,medium,0.055
9,sync_instruction,Synchronous instructions,mint>amber>depot,1,90,7.2,61,29,0.32222222222222224,0,0.0,0,0.0,0.4082096710777681,5,3,3,0,3,3,5.788892195825606,balanced,10,16,4,medium,0.055
9,async_online,Asynchronous online,mint>amber>depot,1,74,5.92,65,9,0.12162162162162163,7,0.1076923076923077,7,0.1076923076923077,0.35777117370869504,0,3,3,0,3,3,4.7586345505985586,balanced,10,16,4,medium,0.055
9,oracle,Oracle planner/controller,mint>amber>depot,1,60,4.8,60,0,0.0,0,0.0,0,0.0,0.42031606608764904,1,3,0,0,3,3,4.254866906047336,balanced,10,16,4,medium,0.055
10,controller_only,Controller only,amber>mint>cobalt>depot,0,260,20.8,260,0,0.0,0,0.0,244,0.9384615384615385,0.40428220764649725,14,0,0,0,1,4,19.670052433337418,balanced,10,16,4,medium,0.055
10,direct_blocking,Direct planner actions,amber>mint>cobalt>depot,0,260,20.8,150,110,0.4230769230769231,20,0.13333333333333333,76,0.5066666666666667,1.257517632460374,15,11,11,0,2,4,9.52723198472894,balanced,10,16,4,medium,0.055
10,sync_instruction,Synchronous instructions,amber>mint>cobalt>depot,1,173,13.84,134,39,0.2254335260115607,0,0.0,0,0.0,0.2953996737386314,60,4,4,0,4,4,8.561684946312836,balanced,10,16,4,medium,0.055
10,async_online,Asynchronous online,amber>mint>cobalt>depot,1,106,8.48,97,9,0.08490566037735849,5,0.05154639175257732,5,0.05154639175257732,0.3717358216077902,6,4,4,0,4,4,6.959881401570132,balanced,10,16,4,medium,0.055
10,oracle,Oracle planner/controller,amber>mint>cobalt>depot,1,105,8.4,105,0,0.0,0,0.0,0,0.0,0.3977208556180151,23,4,0,0,4,4,6.387107502904933,balanced,10,16,4,medium,0.055
11,controller_only,Controller only,cobalt>amber>mint>depot,0,260,20.8,260,0,0.0,0,0.0,221,0.85,0.3706019799813791,38,0,0,0,2,4,17.47884963183656,balanced,10,16,4,medium,0.055
11,direct_blocking,Direct planner actions,cobalt>amber>mint>depot,0,260,20.8,150,110,0.4230769230769231,23,0.15333333333333332,61,0.4066666666666667,1.268688809142804,60,11,11,0,3,4,9.57793059776724,balanced,10,16,4,medium,0.055
11,sync_instruction,Synchronous instructions,cobalt>amber>mint>depot,1,134,10.72,95,39,0.291044776119403,0,0.0,0,0.0,0.39594525001952635,21,4,4,0,4,4,7.536955950231079,balanced,10,16,4,medium,0.055
11,async_online,Asynchronous online,cobalt>amber>mint>depot,1,115,9.200000000000001,106,9,0.0782608695652174,10,0.09433962264150944,10,0.09433962264150944,0.339163728894923,21,4,4,0,4,4,6.352383219508866,balanced,10,16,4,medium,0.055
11,oracle,Oracle planner/controller,cobalt>amber>mint>depot,1,85,6.8,85,0,0.0,0,0.0,0,0.0,0.38490529425714226,9,4,0,0,4,4,5.80788622624559,balanced,10,16,4,medium,0.055
12,controller_only,Controller only,amber>cobalt>depot,1,67,5.36,67,0,0.0,0,0.0,1,0.014925373134328358,0.38538930870301996,5,0,0,0,3,3,4.431464842248597,balanced,10,16,4,medium,0.055
12,direct_blocking,Direct planner actions,amber>cobalt>depot,1,167,13.36,97,70,0.41916167664670656,9,0.09278350515463918,23,0.23711340206185566,1.2621324519621353,22,7,7,0,3,3,6.409128258570294,balanced,10,16,4,medium,0.055
12,sync_instruction,Synchronous instructions,amber>cobalt>depot,0,260,20.8,251,9,0.03461538461538462,0,0.0,251,1.0,0.1314369852623746,6,1,1,0,0,3,1.5045713067862596,balanced,10,16,4,medium,0.055
12,async_online,Asynchronous online,amber>cobalt>depot,0,260,20.8,251,9,0.03461538461538462,0,0.0,251,1.0,0.1314369852623746,6,2,1,0,0,3,1.5045713067862596,balanced,10,16,4,medium,0.055
12,oracle,Oracle planner/controller,amber>cobalt>depot,1,69,5.5200000000000005,69,0,0.0,0,0.0,0,0.0,0.38368913336204746,6,3,0,0,3,3,4.355968789040549,balanced,10,16,4,medium,0.055
13,controller_only,Controller only,mint>cobalt>amber>depot,0,260,20.8,260,0,0.0,0,0.0,260,1.0,0.39163240899428176,19,0,0,0,0,4,19.698403446635798,balanced,10,16,4,medium,0.055
13,direct_blocking,Direct planner actions,mint>cobalt>amber>depot,1,260,20.8,150,110,0.4230769230769231,19,0.12666666666666668,61,0.4066666666666667,1.2540242919614768,15,11,11,0,4,4,12.15872098986265,balanced,10,16,4,medium,0.055
13,sync_instruction,Synchronous instructions,mint>cobalt>amber>depot,1,111,8.88,72,39,0.35135135135135137,0,0.0,0,0.0,0.4547321582862848,9,4,4,0,4,4,6.476184673493323,balanced,10,16,4,medium,0.055
13,async_online,Asynchronous online,mint>cobalt>amber>depot,1,96,7.68,87,9,0.09375,17,0.19540229885057472,17,0.19540229885057472,0.3614202219685835,0,4,4,0,4,4,5.869953013888921,balanced,10,16,4,medium,0.055
13,oracle,Oracle planner/controller,mint>cobalt>amber>depot,1,70,5.6000000000000005,70,0,0.0,0,0.0,0,0.0,0.4627399528228316,0,4,0,0,4,4,5.247075524448005,balanced,10,16,4,medium,0.055
14,controller_only,Controller only,mint>cobalt>amber>depot,0,260,20.8,260,0,0.0,0,0.0,260,1.0,0.3653973925385168,15,0,0,0,0,4,19.674975049780674,balanced,10,16,4,medium,0.055
14,direct_blocking,Direct planner actions,mint>cobalt>amber>depot,0,260,20.8,150,110,0.4230769230769231,16,0.10666666666666667,68,0.4533333333333333,1.2286514209445971,16,11,11,0,3,4,17.207119372411057,balanced,10,16,4,medium,0.055
14,sync_instruction,Synchronous instructions,mint>cobalt>amber>depot,1,111,8.88,72,39,0.35135135135135137,0,0.0,0,0.0,0.4606102237870975,8,4,4,0,4,4,6.712581469426662,balanced,10,16,4,medium,0.055
14,async_online,Asynchronous online,mint>cobalt>amber>depot,1,97,7.76,88,9,0.09278350515463918,17,0.19318181818181818,17,0.19318181818181818,0.36719423548723784,0,4,4,0,4,4,6.014953128578844,balanced,10,16,4,medium,0.055
14,oracle,Oracle planner/controller,mint>cobalt>amber>depot,1,70,5.6000000000000005,70,0,0.0,0,0.0,0,0.0,0.4621706837072818,0,4,0,0,4,4,5.3902660959072275,balanced,10,16,4,medium,0.055
15,controller_only,Controller only,mint>amber>depot,0,260,20.8,260,0,0.0,0,0.0,260,1.0,0.31208148147035486,80,0,0,0,0,3,14.399200821437216,balanced,10,16,4,medium,0.055
15,direct_blocking,Direct planner actions,mint>amber>depot,1,212,16.96,122,90,0.42452830188679247,28,0.22950819672131148,42,0.3442622950819672,1.2693946839679326,14,9,9,0,3,3,11.662683939208227,balanced,10,16,4,medium,0.055
15,sync_instruction,Synchronous instructions,mint>amber>depot,1,98,7.84,69,29,0.29591836734693877,0,0.0,0,0.0,0.41082939623049114,6,3,3,0,3,3,6.002488434530738,balanced,10,16,4,medium,0.055
15,async_online,Asynchronous online,mint>amber>depot,1,83,6.640000000000001,74,9,0.10843373493975904,5,0.06756756756756757,5,0.06756756756756757,0.3655205754324119,7,3,3,0,3,3,4.888682462761409,balanced,10,16,4,medium,0.055
15,oracle,Oracle planner/controller,mint>amber>depot,1,59,4.72,59,0,0.0,0,0.0,0,0.0,0.3937639812473074,0,3,0,0,3,3,4.413693245565976,balanced,10,16,4,medium,0.055
16,controller_only,Controller only,amber>mint>cobalt>depot,0,260,20.8,260,0,0.0,0,0.0,234,0.9,0.3889608495376033,18,0,0,0,1,4,19.508601293751134,balanced,10,16,4,medium,0.055
16,direct_blocking,Direct planner actions,amber>mint>cobalt>depot,0,260,20.8,150,110,0.4230769230769231,13,0.08666666666666667,27,0.18,1.285219798608437,35,11,11,0,3,4,11.530196923545585,balanced,10,16,4,medium,0.055
16,sync_instruction,Synchronous instructions,amber>mint>cobalt>depot,1,133,10.64,94,39,0.2932330827067669,0,0.0,0,0.0,0.3833535990199297,14,4,4,0,4,4,8.484248625592077,balanced,10,16,4,medium,0.055
16,async_online,Asynchronous online,amber>mint>cobalt>depot,1,108,8.64,99,9,0.08333333333333333,0,0.0,0,0.0,0.3735537574638179,13,4,4,0,4,4,6.6887472674010375,balanced,10,16,4,medium,0.055
16,oracle,Oracle planner/controller,amber>mint>cobalt>depot,1,93,7.44,93,0,0.0,0,0.0,0,0.0,0.36122342954991843,8,4,0,0,4,4,6.417589533697419,balanced,10,16,4,medium,0.055
17,controller_only,Controller only,amber>mint>cobalt>depot,0,260,20.8,260,0,0.0,0,0.0,236,0.9076923076923077,0.39922992136850416,28,0,0,0,1,4,18.73833882518825,balanced,10,16,4,medium,0.055
17,direct_blocking,Direct planner actions,amber>mint>cobalt>depot,0,260,20.8,150,110,0.4230769230769231,20,0.13333333333333333,34,0.22666666666666666,1.227917519949389,47,11,11,0,3,4,10.870987756292243,balanced,10,16,4,medium,0.055
17,sync_instruction,Synchronous instructions,amber>mint>cobalt>depot,1,133,10.64,94,39,0.2932330827067669,0,0.0,0,0.0,0.3877545781372358,10,4,4,0,4,4,8.374167247226406,balanced,10,16,4,medium,0.055
17,async_online,Asynchronous online,amber>mint>cobalt>depot,1,124,9.92,115,9,0.07258064516129033,0,0.0,0,0.0,0.3699250083425968,30,4,4,0,4,4,6.32646223103235,balanced,10,16,4,medium,0.055
17,oracle,Oracle planner/controller,amber>mint>cobalt>depot,1,124,9.92,124,0,0.0,0,0.0,0,0.0,0.3511766819027304,40,4,0,0,4,4,6.173255909529344,balanced,10,16,4,medium,0.055
18,controller_only,Controller only,mint>cobalt>amber>depot,0,260,20.8,260,0,0.0,0,0.0,260,1.0,0.35761276745776693,41,0,0,0,0,4,17.33354977834552,balanced,10,16,4,medium,0.055
18,direct_blocking,Direct planner actions,mint>cobalt>amber>depot,1,212,16.96,122,90,0.42452830188679247,23,0.1885245901639344,37,0.30327868852459017,1.2469218783763543,12,9,9,0,4,4,8.342772497667168,balanced,10,16,4,medium,0.055
18,sync_instruction,Synchronous instructions,mint>cobalt>amber>depot,1,109,8.72,70,39,0.3577981651376147,0,0.0,0,0.0,0.46686971416532713,9,4,4,0,4,4,6.602247521552558,balanced,10,16,4,medium,0.055
18,async_online,Asynchronous online,mint>cobalt>amber>depot,1,96,7.68,87,9,0.09375,17,0.19540229885057472,17,0.19540229885057472,0.3623305827421185,0,4,4,0,4,4,5.988097853847531,balanced,10,16,4,medium,0.055
18,oracle,Oracle planner/controller,mint>cobalt>amber>depot,1,74,5.92,74,0,0.0,0,0.0,0,0.0,0.4321222228463189,4,4,0,0,4,4,5.471775767696056,balanced,10,16,4,medium,0.055
19,controller_only,Controller only,amber>mint>cobalt>depot,0,260,20.8,260,0,0.0,0,0.0,215,0.8269230769230769,0.3702027660628714,34,0,0,0,1,4,18.61658559102667,balanced,10,16,4,medium,0.055
19,direct_blocking,Direct planner actions,amber>mint>cobalt>depot,0,260,20.8,150,110,0.4230769230769231,15,0.1,57,0.38,1.2352931068875046,50,11,11,0,2,4,9.910643090821068,balanced,10,16,4,medium,0.055
19,sync_instruction,Synchronous instructions,amber>mint>cobalt>depot,1,149,11.92,110,39,0.26174496644295303,0,0.0,0,0.0,0.387223603498357,28,4,4,0,4,4,8.314556005214005,balanced,10,16,4,medium,0.055
19,async_online,Asynchronous online,amber>mint>cobalt>depot,1,130,10.4,121,9,0.06923076923076923,0,0.0,0,0.0,0.3478824877499541,32,4,4,0,4,4,6.56642562075555,balanced,10,16,4,medium,0.055
19,oracle,Oracle planner/controller,amber>mint>cobalt>depot,1,135,10.8,135,0,0.0,0,0.0,0,0.0,0.3553033611358818,44,4,0,0,4,4,6.522972401721313,balanced,10,16,4,medium,0.055
20,controller_only,Controller only,mint>cobalt>amber>depot,0,260,20.8,260,0,0.0,0,0.0,260,1.0,0.378034300615202,28,0,0,0,0,4,19.344569709868676,balanced,10,16,4,medium,0.055
20,direct_blocking,Direct planner actions,mint>cobalt>amber>depot,0,260,20.8,150,110,0.4230769230769231,4,0.02666666666666667,60,0.4,1.218246525804134,44,11,11,0,2,4,12.047730033017823,balanced,10,16,4,medium,0.055
20,sync_instruction,Synchronous instructions,mint>cobalt>amber>depot,1,112,8.96,73,39,0.3482142857142857,0,0.0,0,0.0,0.4716530215768729,13,4,4,0,4,4,6.796639138717949,balanced,10,16,4,medium,0.055
20,async_online,Asynchronous online,mint>cobalt>amber>depot,1,97,7.76,88,9,0.09278350515463918,14,0.1590909090909091,14,0.1590909090909091,0.38576009053809285,3,4,4,0,4,4,6.131109134442714,balanced,10,16,4,medium,0.055
20,oracle,Oracle planner/controller,mint>cobalt>amber>depot,1,72,5.76,72,0,0.0,0,0.0,0,0.0,0.45845460632397494,0,4,0,0,4,4,5.622598247433543,balanced,10,16,4,medium,0.055
21,controller_only,Controller only,amber>cobalt>depot,1,67,5.36,67,0,0.0,0,0.0,1,0.014925373134328358,0.3836042790821204,8,0,0,0,3,3,4.40219177087571,balanced,10,16,4,medium,0.055
21,direct_blocking,Direct planner actions,amber>cobalt>depot,1,171,13.68,98,73,0.4269005847953216,8,0.08163265306122448,22,0.22448979591836735,1.2621089010431605,24,8,7,0,3,3,8.375365953767925,balanced,10,16,4,medium,0.055
21,sync_instruction,Synchronous instructions,amber>cobalt>depot,1,100,8.0,71,29,0.29,0,0.0,0,0.0,0.3731135827233481,14,3,3,0,3,3,5.4628884433988265,balanced,10,16,4,medium,0.055
21,async_online,Asynchronous online,amber>cobalt>depot,1,79,6.32,70,9,0.11392405063291139,0,0.0,0,0.0,0.3436232250806123,10,3,3,0,3,3,4.539862910796945,balanced,10,16,4,medium,0.055
21,oracle,Oracle planner/controller,amber>cobalt>depot,1,63,5.04,63,0,0.0,0,0.0,0,0.0,0.4104075019445646,3,3,0,0,3,3,4.286172966110599,balanced,10,16,4,medium,0.055
22,controller_only,Controller only,mint>amber>depot,0,260,20.8,260,0,0.0,0,0.0,260,1.0,0.37459044705265093,22,0,0,0,0,3,19.998892826097023,balanced,10,16,4,medium,0.055
22,direct_blocking,Direct planner actions,mint>amber>depot,1,234,18.72,134,100,0.42735042735042733,11,0.08208955223880597,39,0.291044776119403,1.2974534289267898,24,10,10,0,3,3,11.049004214768583,balanced,10,16,4,medium,0.055
22,sync_instruction,Synchronous instructions,mint>amber>depot,1,98,7.84,69,29,0.29591836734693877,0,0.0,0,0.0,0.420489804224491,8,3,3,0,3,3,5.697618908532789,balanced,10,16,4,medium,0.055
22,async_online,Asynchronous online,mint>amber>depot,1,74,5.92,65,9,0.12162162162162163,6,0.09230769230769231,6,0.09230769230769231,0.3494689991069015,0,3,3,0,3,3,4.744247751613647,balanced,10,16,4,medium,0.055
22,oracle,Oracle planner/controller,mint>amber>depot,1,71,5.68,71,0,0.0,0,0.0,0,0.0,0.42016382778658495,10,3,0,0,3,3,4.210680780692545,balanced,10,16,4,medium,0.055
23,controller_only,Controller only,cobalt>mint>depot,0,260,20.8,260,0,0.0,0,0.0,241,0.926923076923077,0.3832561439447871,13,0,0,0,1,3,20.471841586618144,balanced,10,16,4,medium,0.055
23,direct_blocking,Direct planner actions,cobalt>mint>depot,1,165,13.200000000000001,95,70,0.42424242424242425,17,0.17894736842105263,17,0.17894736842105263,1.249624224554933,21,7,7,0,3,3,5.98505180511142,balanced,10,16,4,medium,0.055
23,sync_instruction,Synchronous instructions,cobalt>mint>depot,1,83,6.640000000000001,54,29,0.3493975903614458,0,0.0,0,0.0,0.461210726489704,5,3,3,0,3,3,5.142648336404084,balanced,10,16,4,medium,0.055
23,async_online,Asynchronous online,cobalt>mint>depot,1,74,5.92,65,9,0.12162162162162163,11,0.16923076923076924,11,0.16923076923076924,0.37212999526969237,0,3,3,0,3,3,4.543936548516894,balanced,10,16,4,medium,0.055
23,oracle,Oracle planner/controller,cobalt>mint>depot,1,53,4.24,53,0,0.0,0,0.0,0,0.0,0.4574941666298485,0,3,0,0,3,3,4.015622834416232,balanced,10,16,4,medium,0.055
24,controller_only,Controller only,cobalt>mint>depot,0,260,20.8,260,0,0.0,0,0.0,241,0.926923076923077,0.4071584461652286,33,0,0,0,1,3,18.119677482123443,balanced,10,16,4,medium,0.055
24,direct_blocking,Direct planner actions,cobalt>mint>depot,1,144,11.52,84,60,0.4166666666666667,5,0.05952380952380952,5,0.05952380952380952,1.275795579171258,23,6,6,0,3,3,5.008084728686585,balanced,10,16,4,medium,0.055
24,sync_instruction,Synchronous instructions,cobalt>mint>depot,1,83,6.640000000000001,54,29,0.3493975903614458,0,0.0,0,0.0,0.45339645310714166,11,3,3,0,3,3,4.728511301470059,balanced,10,16,4,medium,0.055
24,async_online,Asynchronous online,cobalt>mint>depot,1,74,5.92,65,9,0.12162162162162163,12,0.18461538461538463,12,0.18461538461538463,0.37100065394952186,6,3,3,0,3,3,4.154463585172086,balanced,10,16,4,medium,0.055
24,oracle,Oracle planner/controller,cobalt>mint>depot,1,56,4.48,56,0,0.0,0,0.0,0,0.0,0.42465861975502367,4,3,0,0,3,3,3.637560101388189,balanced,10,16,4,medium,0.055
25,controller_only,Controller only,cobalt>mint>depot,0,260,20.8,260,0,0.0,0,0.0,241,0.926923076923077,0.388338416535872,17,0,0,0,1,3,19.902366445591397,balanced,10,16,4,medium,0.055
25,direct_blocking,Direct planner actions,cobalt>mint>depot,1,163,13.040000000000001,93,70,0.4294478527607362,17,0.1827956989247312,17,0.1827956989247312,1.238275755730527,22,7,7,0,3,3,6.405717311029153,balanced,10,16,4,medium,0.055
25,sync_instruction,Synchronous instructions,cobalt>mint>depot,1,83,6.640000000000001,54,29,0.3493975903614458,0,0.0,0,0.0,0.4702906233795862,7,3,3,0,3,3,5.0210122837070115,balanced,10,16,4,medium,0.055
25,async_online,Asynchronous online,cobalt>mint>depot,1,73,5.84,64,9,0.1232876712328767,12,0.1875,12,0.1875,0.37098568730690273,3,3,3,0,3,3,4.412293145849958,balanced,10,16,4,medium,0.055
25,oracle,Oracle planner/controller,cobalt>mint>depot,1,54,4.32,54,0,0.0,0,0.0,0,0.0,0.45002476277616277,2,3,0,0,3,3,3.949630776363813,balanced,10,16,4,medium,0.055
26,controller_only,Controller only,mint>cobalt>amber>depot,0,260,20.8,260,0,0.0,0,0.0,260,1.0,0.3873632132762283,14,0,0,0,0,4,19.552814410041897,balanced,10,16,4,medium,0.055
26,direct_blocking,Direct planner actions,mint>cobalt>amber>depot,0,260,20.8,150,110,0.4230769230769231,21,0.14,49,0.32666666666666666,1.2265622088727883,24,11,11,0,3,4,11.219323348890704,balanced,10,16,4,medium,0.055
26,sync_instruction,Synchronous instructions,mint>cobalt>amber>depot,1,111,8.88,72,39,0.35135135135135137,0,0.0,0,0.0,0.4686816930242197,10,4,4,0,4,4,6.536087982807169,balanced,10,16,4,medium,0.055
26,async_online,Asynchronous online,mint>cobalt>amber>depot,1,96,7.68,87,9,0.09375,17,0.19540229885057472,17,0.19540229885057472,0.36742284207162074,0,4,4,0,4,4,5.8989940617524015,balanced,10,16,4,medium,0.055
26,oracle,Oracle planner/controller,mint>cobalt>amber>depot,1,71,5.68,71,0,0.0,0,0.0,0,0.0,0.4536412006039163,0,4,0,0,4,4,5.329757441176118,balanced,10,16,4,medium,0.055
27,controller_only,Controller only,amber>mint>cobalt>depot,0,260,20.8,260,0,0.0,0,0.0,244,0.9384615384615385,0.3747494722014774,4,0,0,0,1,4,21.10825672380647,balanced,10,16,4,medium,0.055
27,direct_blocking,Direct planner actions,amber>mint>cobalt>depot,1,195,15.6,112,83,0.4256410256410256,19,0.16964285714285715,19,0.16964285714285715,1.2591132498076687,15,9,8,0,4,4,8.906658547753915,balanced,10,16,4,medium,0.055
27,sync_instruction,Synchronous instructions,amber>mint>cobalt>depot,1,137,10.96,98,39,0.2846715328467153,0,0.0,0,0.0,0.41707063937494593,16,4,4,0,4,4,8.659811526292085,balanced,10,16,4,medium,0.055
27,async_online,Asynchronous online,amber>mint>cobalt>depot,1,115,9.200000000000001,106,9,0.0782608695652174,5,0.04716981132075472,5,0.04716981132075472,0.4093584764711212,11,4,4,0,4,4,6.959761931835963,balanced,10,16,4,medium,0.055
27,oracle,Oracle planner/controller,amber>mint>cobalt>depot,1,98,7.84,98,0,0.0,0,0.0,0,0.0,0.35501889838561596,13,4,0,0,4,4,6.492097525772742,balanced,10,16,4,medium,0.055
28,controller_only,Controller only,amber>cobalt>depot,1,72,5.76,72,0,0.0,0,0.0,1,0.013888888888888888,0.407506722239793,7,0,0,0,3,3,4.741778780802228,balanced,10,16,4,medium,0.055
28,direct_blocking,Direct planner actions,amber>cobalt>depot,1,238,19.04,138,100,0.42016806722689076,18,0.13043478260869565,46,0.3333333333333333,1.2444959848292663,44,10,10,0,3,3,11.952649064710668,balanced,10,16,4,medium,0.055
28,sync_instruction,Synchronous instructions,amber>cobalt>depot,1,125,10.0,96,29,0.232,0,0.0,0,0.0,0.34201461401412153,42,3,3,0,3,3,5.662713058254704,balanced,10,16,4,medium,0.055
28,async_online,Asynchronous online,amber>cobalt>depot,1,84,6.72,75,9,0.10714285714285714,0,0.0,0,0.0,0.38816625569083757,15,3,3,0,3,3,4.795949699119446,balanced,10,16,4,medium,0.055
28,oracle,Oracle planner/controller,amber>cobalt>depot,1,70,5.6000000000000005,70,0,0.0,0,0.0,0,0.0,0.43478947908746435,5,3,0,0,3,3,4.613067803676548,balanced,10,16,4,medium,0.055
29,controller_only,Controller only,mint>cobalt>amber>depot,0,260,20.8,260,0,0.0,0,0.0,260,1.0,0.38861671465486575,35,0,0,0,0,4,18.147500886407975,balanced,10,16,4,medium,0.055
29,direct_blocking,Direct planner actions,mint>cobalt>amber>depot,0,260,20.8,150,110,0.4230769230769231,16,0.10666666666666667,40,0.26666666666666666,1.1949577587885833,60,11,11,0,3,4,9.317948297104028,balanced,10,16,4,medium,0.055
29,sync_instruction,Synchronous instructions,mint>cobalt>amber>depot,1,113,9.040000000000001,74,39,0.34513274336283184,0,0.0,0,0.0,0.4404056789829392,18,4,4,0,4,4,6.68682762745521,balanced,10,16,4,medium,0.055
29,async_online,Asynchronous online,mint>cobalt>amber>depot,1,97,7.76,88,9,0.09278350515463918,14,0.1590909090909091,14,0.1590909090909091,0.36019862211917303,9,4,4,0,4,4,5.9565997272283315,balanced,10,16,4,medium,0.055
29,oracle,Oracle planner/controller,mint>cobalt>amber>depot,1,71,5.68,71,0,0.0,0,0.0,0,0.0,0.4670422761580401,0,4,0,0,4,4,5.521071790581377,balanced,10,16,4,medium,0.055
30,controller_only,Controller only,amber>mint>cobalt>depot,0,260,20.8,260,0,0.0,0,0.0,238,0.9153846153846154,0.3891673469065298,7,0,0,0,1,4,20.813675756557792,balanced,10,16,4,medium,0.055
30,direct_blocking,Direct planner actions,amber>mint>cobalt>depot,1,232,18.56,132,100,0.43103448275862066,26,0.19696969696969696,40,0.30303030303030304,1.2264457293020268,50,10,10,0,4,4,8.776387961306781,balanced,10,16,4,medium,0.055
30,sync_instruction,Synchronous instructions,amber>mint>cobalt>depot,1,131,10.48,92,39,0.29770992366412213,0,0.0,0,0.0,0.409495892610924,8,4,4,0,4,4,8.252434090671068,balanced,10,16,4,medium,0.055
30,async_online,Asynchronous online,amber>mint>cobalt>depot,1,115,9.200000000000001,106,9,0.0782608695652174,14,0.1320754716981132,14,0.1320754716981132,0.34904012072070273,6,4,4,0,4,4,7.008007617657807,balanced,10,16,4,medium,0.055
30,oracle,Oracle planner/controller,amber>mint>cobalt>depot,1,103,8.24,103,0,0.0,0,0.0,0,0.0,0.3703416777059426,16,4,0,0,4,4,6.248949209252256,balanced,10,16,4,medium,0.055
31,controller_only,Controller only,mint>amber>depot,0,260,20.8,260,0,0.0,0,0.0,260,1.0,0.36775729149882114,32,0,0,0,0,3,18.45773732351118,balanced,10,16,4,medium,0.055
31,direct_blocking,Direct planner actions,mint>amber>depot,1,188,15.040000000000001,108,80,0.425531914893617,17,0.1574074074074074,31,0.28703703703703703,1.2633100601622944,33,8,8,0,3,3,6.687161934922676,balanced,10,16,4,medium,0.055
31,sync_instruction,Synchronous instructions,mint>amber>depot,1,92,7.36,63,29,0.31521739130434784,0,0.0,0,0.0,0.4076372790112638,6,3,3,0,3,3,6.061985907827037,balanced,10,16,4,medium,0.055
31,async_online,Asynchronous online,mint>amber>depot,1,76,6.08,67,9,0.11842105263157894,5,0.07462686567164178,5,0.07462686567164178,0.3385711634365447,0,3,3,0,3,3,5.043727995749374,balanced,10,16,4,medium,0.055
31,oracle,Oracle planner/controller,mint>amber>depot,1,60,4.8,60,0,0.0,0,0.0,0,0.0,0.3985013302952278,0,3,0,0,3,3,4.494270334856048,balanced,10,16,4,medium,0.055
32,controller_only,Controller only,mint>cobalt>amber>depot,0,260,20.8,260,0,0.0,0,0.0,260,1.0,0.37467159812531814,28,0,0,0,0,4,18.95005876358522,balanced,10,16,4,medium,0.055
32,direct_blocking,Direct planner actions,mint>cobalt>amber>depot,0,260,20.8,150,110,0.4230769230769231,8,0.05333333333333334,74,0.49333333333333335,1.2209275324552014,22,11,11,0,2,4,14.627389945952077,balanced,10,16,4,medium,0.055
32,sync_instruction,Synchronous instructions,mint>cobalt>amber>depot,1,112,8.96,73,39,0.3482142857142857,0,0.0,0,0.0,0.4615699718685881,8,4,4,0,4,4,6.602127312741897,balanced,10,16,4,medium,0.055
32,async_online,Asynchronous online,mint>cobalt>amber>depot,1,97,7.76,88,9,0.09278350515463918,17,0.19318181818181818,17,0.19318181818181818,0.3697150704907749,0,4,4,0,4,4,5.87026784771353,balanced,10,16,4,medium,0.055
32,oracle,Oracle planner/controller,mint>cobalt>amber>depot,1,70,5.6000000000000005,70,0,0.0,0,0.0,0,0.0,0.46308182341753945,0,4,0,0,4,4,5.243401158248271,balanced,10,16,4,medium,0.055
33,controller_only,Controller only,mint>cobalt>amber>depot,0,260,20.8,260,0,0.0,0,0.0,260,1.0,0.3830644602564215,10,0,0,0,0,4,20.857605167093066,balanced,10,16,4,medium,0.055
33,direct_blocking,Direct planner actions,mint>cobalt>amber>depot,0,260,20.8,150,110,0.4230769230769231,25,0.16666666666666666,52,0.3466666666666667,1.2026031485407762,28,11,11,0,3,4,14.753357369486642,balanced,10,16,4,medium,0.055
33,sync_instruction,Synchronous instructions,mint>cobalt>amber>depot,1,125,10.0,86,39,0.312,0,0.0,0,0.0,0.4041299154051484,30,4,4,0,4,4,6.463424025458215,balanced,10,16,4,medium,0.055
33,async_online,Asynchronous online,mint>cobalt>amber>depot,1,95,7.6000000000000005,86,9,0.09473684210526316,0,0.0,0,0.0,0.3687555694631519,22,4,4,0,4,4,5.551408952715936,balanced,10,16,4,medium,0.055
33,oracle,Oracle planner/controller,mint>cobalt>amber>depot,1,80,6.4,80,0,0.0,0,0.0,0,0.0,0.4574669104262151,8,4,0,0,4,4,5.359702336681326,balanced,10,16,4,medium,0.055
34,controller_only,Controller only,amber>mint>cobalt>depot,0,260,20.8,260,0,0.0,0,0.0,238,0.9153846153846154,0.3875931939946958,32,0,0,0,1,4,18.954835227934776,balanced,10,16,4,medium,0.055
34,direct_blocking,Direct planner actions,amber>mint>cobalt>depot,0,260,20.8,150,110,0.4230769230769231,24,0.16,38,0.25333333333333335,1.21125352657028,28,11,11,0,3,4,10.996744188646211,balanced,10,16,4,medium,0.055
34,sync_instruction,Synchronous instructions,amber>mint>cobalt>depot,0,260,20.8,231,29,0.11153846153846154,0,0.0,186,0.8051948051948052,0.16359242501355878,11,3,3,0,2,4,4.653794074691855,balanced,10,16,4,medium,0.055
34,async_online,Asynchronous online,amber>mint>cobalt>depot,0,260,20.8,251,9,0.03461538461538462,5,0.0199203187250996,208,0.8286852589641435,0.14610003780695613,6,4,3,0,2,4,3.7817542596021134,balanced,10,16,4,medium,0.055
34,oracle,Oracle planner/controller,amber>mint>cobalt>depot,1,98,7.84,98,0,0.0,0,0.0,0,0.0,0.4041432642373564,11,4,0,0,4,4,6.290551722236563,balanced,10,16,4,medium,0.055
35,controller_only,Controller only,cobalt>amber>mint>depot,0,260,20.8,260,0,0.0,0,0.0,221,0.85,0.3919554918575826,9,0,0,0,2,4,20.484926320679005,balanced,10,16,4,medium,0.055
35,direct_blocking,Direct planner actions,cobalt>amber>mint>depot,1,210,16.8,120,90,0.42857142857142855,21,0.175,35,0.2916666666666667,1.2160143622718038,12,9,9,0,4,4,9.047711118200022,balanced,10,16,4,medium,0.055
35,sync_instruction,Synchronous instructions,cobalt>amber>mint>depot,0,260,20.8,221,39,0.15,0,0.0,156,0.7058823529411765,0.24027550940828113,10,4,4,0,3,4,8.179125671975743,balanced,10,16,4,medium,0.055
35,async_online,Asynchronous online,cobalt>amber>mint>depot,0,260,20.8,251,9,0.03461538461538462,10,0.0398406374501992,187,0.7450199203187251,0.206584325245959,2,4,4,0,3,4,7.067034518839682,balanced,10,16,4,medium,0.055
35,oracle,Oracle planner/controller,cobalt>amber>mint>depot,1,87,6.96,87,0,0.0,0,0.0,0,0.0,0.3856899526151077,6,4,0,0,4,4,6.0413712166991465,balanced,10,16,4,medium,0.055
36,controller_only,Controller only,amber>cobalt>depot,1,64,5.12,64,0,0.0,0,0.0,1,0.015625,0.4036458697031855,3,0,0,0,3,3,4.706874976932608,balanced,10,16,4,medium,0.055
36,direct_blocking,Direct planner actions,amber>cobalt>depot,1,148,11.84,84,64,0.43243243243243246,18,0.21428571428571427,18,0.21428571428571427,1.227281092013511,7,7,6,0,3,3,6.679488870924095,balanced,10,16,4,medium,0.055
36,sync_instruction,Synchronous instructions,amber>cobalt>depot,0,260,20.8,241,19,0.07307692307692308,0,0.0,225,0.9336099585062241,0.16467898667142192,6,2,2,0,1,3,4.309654514268465,balanced,10,16,4,medium,0.055
36,async_online,Asynchronous online,amber>cobalt>depot,0,260,20.8,251,9,0.03461538461538462,5,0.0199203187250996,235,0.9362549800796812,0.156337794450087,3,3,2,0,1,3,3.9112282426797336,balanced,10,16,4,medium,0.055
36,oracle,Oracle planner/controller,amber>cobalt>depot,1,64,5.12,64,0,0.0,0,0.0,0,0.0,0.40038457752674106,5,3,0,0,3,3,4.495207724997504,balanced,10,16,4,medium,0.055
37,controller_only,Controller only,mint>cobalt>amber>depot,0,260,20.8,260,0,0.0,0,0.0,260,1.0,0.4001754991107829,14,0,0,0,0,4,20.318073206268245,balanced,10,16,4,medium,0.055
37,direct_blocking,Direct planner actions,mint>cobalt>amber>depot,0,260,20.8,150,110,0.4230769230769231,17,0.11333333333333333,83,0.5533333333333333,1.2937722016710091,46,11,11,0,2,4,12.310291470629254,balanced,10,16,4,medium,0.055
37,sync_instruction,Synchronous instructions,mint>cobalt>amber>depot,1,110,8.8,71,39,0.35454545454545455,0,0.0,0,0.0,0.47035530795162056,9,4,4,0,4,4,6.42736144280458,balanced,10,16,4,medium,0.055
37,async_online,Asynchronous online,mint>cobalt>amber>depot,1,96,7.68,87,9,0.09375,17,0.19540229885057472,17,0.19540229885057472,0.36682945066731953,0,4,4,0,4,4,5.867663232944389,balanced,10,16,4,medium,0.055
37,oracle,Oracle planner/controller,mint>cobalt>amber>depot,1,70,5.6000000000000005,70,0,0.0,0,0.0,0,0.0,0.45964089543514564,0,4,0,0,4,4,5.272144666889373,balanced,10,16,4,medium,0.055
38,controller_only,Controller only,mint>cobalt>amber>depot,0,260,20.8,260,0,0.0,0,0.0,260,1.0,0.38775949652397357,28,0,0,0,0,4,18.51811456197764,balanced,10,16,4,medium,0.055
38,direct_blocking,Direct planner actions,mint>cobalt>amber>depot,1,260,20.8,150,110,0.4230769230769231,25,0.16666666666666666,53,0.35333333333333333,1.213637979060778,16,11,11,0,4,4,13.174912123457123,balanced,10,16,4,medium,0.055
38,sync_instruction,Synchronous instructions,mint>cobalt>amber>depot,1,112,8.96,73,39,0.3482142857142857,0,0.0,0,0.0,0.439684867320953,7,4,4,0,4,4,6.375759977584362,balanced,10,16,4,medium,0.055
38,async_online,Asynchronous online,mint>cobalt>amber>depot,1,96,7.68,87,9,0.09375,17,0.19540229885057472,17,0.19540229885057472,0.35512245216347366,0,4,4,0,4,4,5.726084783477204,balanced,10,16,4,medium,0.055
38,oracle,Oracle planner/controller,mint>cobalt>amber>depot,1,70,5.6000000000000005,70,0,0.0,0,0.0,0,0.0,0.45215259539853053,0,4,0,0,4,4,5.168399614073653,balanced,10,16,4,medium,0.055
39,controller_only,Controller only,cobalt>mint>depot,0,260,20.8,260,0,0.0,0,0.0,241,0.926923076923077,0.3722048791784858,30,0,0,0,1,3,18.790888564407368,balanced,10,16,4,medium,0.055
39,direct_blocking,Direct planner actions,cobalt>mint>depot,1,195,15.6,112,83,0.4256410256410256,7,0.0625,21,0.1875,1.2828265763794904,25,9,8,0,3,3,8.860607783453611,balanced,10,16,4,medium,0.055
39,sync_instruction,Synchronous instructions,cobalt>mint>depot,1,89,7.12,60,29,0.3258426966292135,0,0.0,0,0.0,0.43654002985581997,8,3,3,0,3,3,4.841863660212332,balanced,10,16,4,medium,0.055
39,async_online,Asynchronous online,cobalt>mint>depot,1,79,6.32,70,9,0.11392405063291139,11,0.15714285714285714,11,0.15714285714285714,0.37482484899430657,6,3,3,0,3,3,4.038896840871672,balanced,10,16,4,medium,0.055
39,oracle,Oracle planner/controller,cobalt>mint>depot,1,61,4.88,61,0,0.0,0,0.0,0,0.0,0.4275492920331773,6,3,0,0,3,3,3.9005324405485653,balanced,10,16,4,medium,0.055
40,controller_only,Controller only,amber>cobalt>depot,1,91,7.28,91,0,0.0,0,0.0,1,0.01098901098901099,0.32643575575977013,31,0,0,0,3,3,4.495083888250121,balanced,10,16,4,medium,0.055
40,direct_blocking,Direct planner actions,amber>cobalt>depot,1,163,13.040000000000001,93,70,0.4294478527607362,14,0.15053763440860216,28,0.3010752688172043,1.288744753807645,22,7,7,0,3,3,7.835534029235055,balanced,10,16,4,medium,0.055
40,sync_instruction,Synchronous instructions,amber>cobalt>depot,1,97,7.76,68,29,0.29896907216494845,0,0.0,0,0.0,0.41613321075556986,16,3,3,0,3,3,5.607126118977021,balanced,10,16,4,medium,0.055
40,async_online,Asynchronous online,amber>cobalt>depot,1,93,7.44,84,9,0.0967741935483871,10,0.11904761904761904,10,0.11904761904761904,0.3432477693973655,15,3,3,0,3,3,4.998480772739027,balanced,10,16,4,medium,0.055
40,oracle,Oracle planner/controller,amber>cobalt>depot,1,89,7.12,89,0,0.0,0,0.0,0,0.0,0.3006512405858063,26,3,0,0,3,3,4.419056386982727,balanced,10,16,4,medium,0.055
41,controller_only,Controller only,mint>amber>depot,0,260,20.8,260,0,0.0,0,0.0,260,1.0,0.40872173587180716,12,0,0,0,0,3,20.326732478341796,balanced,10,16,4,medium,0.055
41,direct_blocking,Direct planner actions,mint>amber>depot,1,180,14.4,100,80,0.4444444444444444,8,0.08,22,0.22,1.1601672275103325,17,8,8,0,3,3,10.382952332311353,balanced,10,16,4,medium,0.055
41,sync_instruction,Synchronous instructions,mint>amber>depot,1,97,7.76,68,29,0.29896907216494845,0,0.0,0,0.0,0.3973678505973701,19,3,3,0,3,3,5.796011165651857,balanced,10,16,4,medium,0.055
41,async_online,Asynchronous online,mint>amber>depot,1,85,6.8,76,9,0.10588235294117647,0,0.0,0,0.0,0.39417434440607385,25,3,3,0,3,3,4.326548777670447,balanced,10,16,4,medium,0.055
41,oracle,Oracle planner/controller,mint>amber>depot,1,62,4.96,62,0,0.0,0,0.0,0,0.0,0.4108242595532271,5,3,0,0,3,3,4.350965825529733,balanced,10,16,4,medium,0.055
42,controller_only,Controller only,amber>mint>cobalt>depot,0,260,20.8,260,0,0.0,0,0.0,245,0.9423076923076923,0.39023855799012974,3,0,0,0,1,4,21.110934034088245,balanced,10,16,4,medium,0.055
42,direct_blocking,Direct planner actions,amber>mint>cobalt>depot,0,260,20.8,150,110,0.4230769230769231,7,0.04666666666666667,77,0.5133333333333333,1.2391697133596593,50,11,11,0,1,4,12.016925106331717,balanced,10,16,4,medium,0.055
42,sync_instruction,Synchronous instructions,amber>mint>cobalt>depot,1,145,11.6,106,39,0.2689655172413793,0,0.0,0,0.0,0.41051396081531677,28,4,4,0,4,4,8.448772337072677,balanced,10,16,4,medium,0.055
42,async_online,Asynchronous online,amber>mint>cobalt>depot,1,109,8.72,100,9,0.08256880733944955,12,0.12,12,0.12,0.3352926233709275,6,4,4,0,4,4,7.0698227293975755,balanced,10,16,4,medium,0.055
42,oracle,Oracle planner/controller,amber>mint>cobalt>depot,1,93,7.44,93,0,0.0,0,0.0,0,0.0,0.3885411777980587,5,4,0,0,4,4,6.302722032396132,balanced,10,16,4,medium,0.055
43,controller_only,Controller only,mint>amber>depot,0,260,20.8,260,0,0.0,0,0.0,260,1.0,0.3884921367419396,16,0,0,0,0,3,20.246227798145007,balanced,10,16,4,medium,0.055
43,direct_blocking,Direct planner actions,mint>amber>depot,1,140,11.200000000000001,80,60,0.42857142857142855,15,0.1875,15,0.1875,1.2661134648175438,8,6,6,0,3,3,6.675896217142069,balanced,10,16,4,medium,0.055
43,sync_instruction,Synchronous instructions,mint>amber>depot,1,91,7.28,62,29,0.31868131868131866,0,0.0,0,0.0,0.40262531803028373,4,3,3,0,3,3,5.873980139852428,balanced,10,16,4,medium,0.055
43,async_online,Asynchronous online,mint>amber>depot,1,75,6.0,66,9,0.12,6,0.09090909090909091,6,0.09090909090909091,0.35130237955510474,0,3,3,0,3,3,4.8034832440319075,balanced,10,16,4,medium,0.055
43,oracle,Oracle planner/controller,mint>amber>depot,1,73,5.84,73,0,0.0,0,0.0,0,0.0,0.38064081614503825,12,3,0,0,3,3,4.201217500185608,balanced,10,16,4,medium,0.055
44,controller_only,Controller only,amber>mint>cobalt>depot,0,260,20.8,260,0,0.0,0,0.0,240,0.9230769230769231,0.38229463655910684,11,0,0,0,1,4,20.880170342491393,balanced,10,16,4,medium,0.055
44,direct_blocking,Direct planner actions,amber>mint>cobalt>depot,0,260,20.8,150,110,0.4230769230769231,26,0.17333333333333334,82,0.5466666666666666,1.2344005951184018,33,11,11,0,3,4,13.985136272090156,balanced,10,16,4,medium,0.055
44,sync_instruction,Synchronous instructions,amber>mint>cobalt>depot,1,145,11.6,106,39,0.2689655172413793,0,0.0,0,0.0,0.42474181641934194,27,4,4,0,4,4,8.077350014217929,balanced,10,16,4,medium,0.055
44,async_online,Asynchronous online,amber>mint>cobalt>depot,1,121,9.68,112,9,0.0743801652892562,4,0.03571428571428571,4,0.03571428571428571,0.38152864087546573,27,4,4,0,4,4,6.6054550956498,balanced,10,16,4,medium,0.055
44,oracle,Oracle planner/controller,amber>mint>cobalt>depot,1,118,9.44,118,0,0.0,0,0.0,0,0.0,0.32622932902016993,35,4,0,0,4,4,6.194407506364682,balanced,10,16,4,medium,0.055
45,controller_only,Controller only,mint>cobalt>amber>depot,0,260,20.8,260,0,0.0,0,0.0,260,1.0,0.36837452237349255,23,0,0,0,0,4,20.074907531184238,balanced,10,16,4,medium,0.055
45,direct_blocking,Direct planner actions,mint>cobalt>amber>depot,0,260,20.8,150,110,0.4230769230769231,12,0.08,96,0.64,1.1944025772232703,18,11,11,0,1,4,16.23979657932373,balanced,10,16,4,medium,0.055
45,sync_instruction,Synchronous instructions,mint>cobalt>amber>depot,1,119,9.52,80,39,0.3277310924369748,0,0.0,0,0.0,0.4603936781859364,19,4,4,0,4,4,6.41893998297578,balanced,10,16,4,medium,0.055
45,async_online,Asynchronous online,mint>cobalt>amber>depot,1,87,6.96,78,9,0.10344827586206896,0,0.0,0,0.0,0.4387674373413246,12,4,4,0,4,4,5.468935638491246,balanced,10,16,4,medium,0.055
45,oracle,Oracle planner/controller,mint>cobalt>amber>depot,1,73,5.84,73,0,0.0,0,0.0,0,0.0,0.4561584907580952,3,4,0,0,4,4,5.384872573384667,balanced,10,16,4,medium,0.055
46,controller_only,Controller only,amber>mint>cobalt>depot,0,260,20.8,260,0,0.0,0,0.0,244,0.9384615384615385,0.401925422156025,22,0,0,0,1,4,19.449717816666077,balanced,10,16,4,medium,0.055
46,direct_blocking,Direct planner actions,amber>mint>cobalt>depot,1,246,19.68,140,106,0.43089430894308944,31,0.22142857142857142,45,0.32142857142857145,1.2830260584654951,14,11,10,0,4,4,9.955981726182895,balanced,10,16,4,medium,0.055
46,sync_instruction,Synchronous instructions,amber>mint>cobalt>depot,1,126,10.08,87,39,0.30952380952380953,0,0.0,0,0.0,0.39525867001921106,8,4,4,0,4,4,8.568181209133648,balanced,10,16,4,medium,0.055
46,async_online,Asynchronous online,amber>mint>cobalt>depot,1,111,8.88,102,9,0.08108108108108109,5,0.049019607843137254,5,0.049019607843137254,0.38107465368688337,6,4,4,0,4,4,6.762119563198852,balanced,10,16,4,medium,0.055
46,oracle,Oracle planner/controller,amber>mint>cobalt>depot,1,108,8.64,108,0,0.0,0,0.0,0,0.0,0.3911045535489756,20,4,0,0,4,4,6.3094741973137545,balanced,10,16,4,medium,0.055
47,controller_only,Controller only,cobalt>amber>mint>depot,0,260,20.8,260,0,0.0,0,0.0,221,0.85,0.39460255596803734,33,0,0,0,2,4,18.8014827053292,balanced,10,16,4,medium,0.055
47,direct_blocking,Direct planner actions,cobalt>amber>mint>depot,0,260,20.8,150,110,0.4230769230769231,23,0.15333333333333332,37,0.24666666666666667,1.1925311113875599,31,11,11,0,3,4,14.30705955951512,balanced,10,16,4,medium,0.055
47,sync_instruction,Synchronous instructions,cobalt>amber>mint>depot,0,260,20.8,221,39,0.15,0,0.0,158,0.7149321266968326,0.2221705348165919,9,4,4,0,3,4,9.167572574809356,balanced,10,16,4,medium,0.055
47,async_online,Asynchronous online,cobalt>amber>mint>depot,0,260,20.8,251,9,0.03461538461538462,10,0.0398406374501992,174,0.6932270916334662,0.21861895205593407,16,4,4,0,3,4,7.7604740082660655,balanced,10,16,4,medium,0.055
47,oracle,Oracle planner/controller,cobalt>amber>mint>depot,1,85,6.8,85,0,0.0,0,0.0,0,0.0,0.4053727157243345,7,4,0,0,4,4,6.068810632285613,balanced,10,16,4,medium,0.055
48,controller_only,Controller only,mint>cobalt>amber>depot,0,260,20.8,260,0,0.0,0,0.0,260,1.0,0.40107727655957354,28,0,0,0,0,4,18.408713434721243,balanced,10,16,4,medium,0.055
48,direct_blocking,Direct planner actions,mint>cobalt>amber>depot,0,260,20.8,150,110,0.4230769230769231,21,0.14,63,0.42,1.1749359887788653,25,11,11,0,3,4,14.981578245758989,balanced,10,16,4,medium,0.055
48,sync_instruction,Synchronous instructions,mint>cobalt>amber>depot,1,112,8.96,73,39,0.3482142857142857,0,0.0,0,0.0,0.44797462302847024,9,4,4,0,4,4,6.461325455222684,balanced,10,16,4,medium,0.055
48,async_online,Asynchronous online,mint>cobalt>amber>depot,1,96,7.68,87,9,0.09375,17,0.19540229885057472,17,0.19540229885057472,0.3625130010731012,0,4,4,0,4,4,5.810981256911008,balanced,10,16,4,medium,0.055
48,oracle,Oracle planner/controller,mint>cobalt>amber>depot,1,70,5.6000000000000005,70,0,0.0,0,0.0,0,0.0,0.4566314615018514,0,4,0,0,4,4,5.240412051215546,balanced,10,16,4,medium,0.055
49,controller_only,Controller only,amber>cobalt>depot,1,70,5.6000000000000005,70,0,0.0,0,0.0,1,0.014285714285714285,0.4077815163028715,8,0,0,0,3,3,4.5231116070052,balanced,10,16,4,medium,0.055
49,direct_blocking,Direct planner actions,amber>cobalt>depot,1,144,11.52,84,60,0.4166666666666667,28,0.3333333333333333,28,0.3333333333333333,1.168947123996519,14,6,6,0,3,3,6.498145561672646,balanced,10,16,4,medium,0.055
49,sync_instruction,Synchronous instructions,amber>cobalt>depot,1,91,7.28,62,29,0.31868131868131866,0,0.0,0,0.0,0.39379100332263695,4,3,3,0,3,3,5.710589590564702,balanced,10,16,4,medium,0.055
49,async_online,Asynchronous online,amber>cobalt>depot,1,79,6.32,70,9,0.11392405063291139,10,0.14285714285714285,10,0.14285714285714285,0.3274603274126891,0,3,3,0,3,3,5.068650902271049,balanced,10,16,4,medium,0.055
49,oracle,Oracle planner/controller,amber>cobalt>depot,1,72,5.76,72,0,0.0,0,0.0,0,0.0,0.397636421563069,11,3,0,0,3,3,4.409220029210905,balanced,10,16,4,medium,0.055
50,controller_only,Controller only,mint>amber>depot,0,260,20.8,260,0,0.0,0,0.0,260,1.0,0.346736825154196,79,0,0,0,0,3,14.634380342831736,balanced,10,16,4,medium,0.055
50,direct_blocking,Direct planner actions,mint>amber>depot,1,234,18.72,134,100,0.42735042735042733,28,0.208955223880597,42,0.31343283582089554,1.2500620166130834,39,10,10,0,3,3,10.371557313296883,balanced,10,16,4,medium,0.055
50,sync_instruction,Synchronous instructions,mint>amber>depot,1,96,7.68,67,29,0.3020833333333333,0,0.0,0,0.0,0.4138872819165583,7,3,3,0,3,3,5.669334180072353,balanced,10,16,4,medium,0.055
50,async_online,Asynchronous online,mint>amber>depot,1,80,6.4,71,9,0.1125,6,0.08450704225352113,6,0.08450704225352113,0.3788589450042252,8,3,3,0,3,3,4.556208720077139,balanced,10,16,4,medium,0.055
50,oracle,Oracle planner/controller,mint>amber>depot,1,71,5.68,71,0,0.0,0,0.0,0,0.0,0.39057930153387815,11,3,0,0,3,3,4.16101257449508,balanced,10,16,4,medium,0.055
51,controller_only,Controller only,amber>mint>cobalt>depot,0,260,20.8,260,0,0.0,0,0.0,243,0.9346153846153846,0.37352404913272,11,0,0,0,1,4,20.695507793950917,balanced,10,16,4,medium,0.055
51,direct_blocking,Direct planner actions,amber>mint>cobalt>depot,1,242,19.36,140,102,0.4214876033057851,13,0.09285714285714286,55,0.39285714285714285,1.2529397654133043,19,11,10,0,4,4,11.18274773828845,balanced,10,16,4,medium,0.055
51,sync_instruction,Synchronous instructions,amber>mint>cobalt>depot,1,143,11.44,104,39,0.2727272727272727,0,0.0,0,0.0,0.38749917933491945,27,4,4,0,4,4,8.661952253974027,balanced,10,16,4,medium,0.055
51,async_online,Asynchronous online,amber>mint>cobalt>depot,1,110,8.8,101,9,0.08181818181818182,15,0.1485148514851485,15,0.1485148514851485,0.3272822802126135,0,4,4,0,4,4,7.4633406310495305,balanced,10,16,4,medium,0.055
51,oracle,Oracle planner/controller,amber>mint>cobalt>depot,1,84,6.72,84,0,0.0,0,0.0,0,0.0,0.3764402544614209,0,4,0,0,4,4,6.592261296513033,balanced,10,16,4,medium,0.055
52,controller_only,Controller only,mint>amber>depot,0,260,20.8,260,0,0.0,0,0.0,260,1.0,0.3767593632652759,19,0,0,0,0,3,20.500902424319055,balanced,10,16,4,medium,0.055
52,direct_blocking,Direct planner actions,mint>amber>depot,0,260,20.8,150,110,0.4230769230769231,7,0.04666666666666667,49,0.32666666666666666,1.2139916660549974,31,11,11,0,2,3,11.633049823315,balanced,10,16,4,medium,0.055
52,sync_instruction,Synchronous instructions,mint>amber>depot,1,105,8.4,76,29,0.2761904761904762,0,0.0,0,0.0,0.3699143345914199,22,3,3,0,3,3,5.691068366241376,balanced,10,16,4,medium,0.055
52,async_online,Asynchronous online,mint>amber>depot,1,84,6.72,75,9,0.10714285714285714,0,0.0,0,0.0,0.385209756724657,20,3,3,0,3,3,4.49043350758756,balanced,10,16,4,medium,0.055
52,oracle,Oracle planner/controller,mint>amber>depot,1,72,5.76,72,0,0.0,0,0.0,0,0.0,0.44257568693839283,10,3,0,0,3,3,4.359466660155092,balanced,10,16,4,medium,0.055
53,controller_only,Controller only,cobalt>amber>mint>depot,0,260,20.8,260,0,0.0,0,0.0,221,0.85,0.3981641328073172,17,0,0,0,2,4,19.649069425642868,balanced,10,16,4,medium,0.055
53,direct_blocking,Direct planner actions,cobalt>amber>mint>depot,0,260,20.8,150,110,0.4230769230769231,21,0.14,49,0.32666666666666666,1.2779766793488179,77,11,11,0,3,4,11.209008296631948,balanced,10,16,4,medium,0.055
53,sync_instruction,Synchronous instructions,cobalt>amber>mint>depot,1,140,11.200000000000001,101,39,0.2785714285714286,0,0.0,0,0.0,0.4232152380892131,23,4,4,0,4,4,7.86971896240304,balanced,10,16,4,medium,0.055
53,async_online,Asynchronous online,cobalt>amber>mint>depot,1,100,8.0,91,9,0.09,0,0.0,0,0.0,0.3752007206621576,6,4,4,0,4,4,6.462474065875643,balanced,10,16,4,medium,0.055
53,oracle,Oracle planner/controller,cobalt>amber>mint>depot,1,78,6.24,78,0,0.0,0,0.0,0,0.0,0.4000472054112508,0,4,0,0,4,4,6.047492876089691,balanced,10,16,4,medium,0.055
54,controller_only,Controller only,amber>mint>cobalt>depot,0,260,20.8,260,0,0.0,0,0.0,240,0.9230769230769231,0.3805015458177561,20,0,0,0,1,4,20.60297938711138,balanced,10,16,4,medium,0.055
54,direct_blocking,Direct planner actions,amber>mint>cobalt>depot,1,182,14.56,102,80,0.43956043956043955,16,0.1568627450980392,16,0.1568627450980392,1.2252974758076272,27,8,8,0,4,4,9.022572873843973,balanced,10,16,4,medium,0.055
54,sync_instruction,Synchronous instructions,amber>mint>cobalt>depot,1,136,10.88,97,39,0.2867647058823529,0,0.0,0,0.0,0.4308209270149399,26,4,4,0,4,4,8.662681489139183,balanced,10,16,4,medium,0.055
54,async_online,Asynchronous online,amber>mint>cobalt>depot,1,104,8.32,95,9,0.08653846153846154,3,0.031578947368421054,3,0.031578947368421054,0.41296855827254836,14,4,4,0,4,4,7.03244842132986,balanced,10,16,4,medium,0.055
54,oracle,Oracle planner/controller,amber>mint>cobalt>depot,1,93,7.44,93,0,0.0,0,0.0,0,0.0,0.4066319756125123,9,4,0,0,4,4,6.526021932658282,balanced,10,16,4,medium,0.055
55,controller_only,Controller only,cobalt>amber>mint>depot,0,260,20.8,260,0,0.0,0,0.0,221,0.85,0.3734655999956152,0,0,0,0,2,4,21.744313073244673,balanced,10,16,4,medium,0.055
55,direct_blocking,Direct planner actions,cobalt>amber>mint>depot,1,172,13.76,98,74,0.43023255813953487,11,0.11224489795918367,25,0.25510204081632654,1.217297265210315,8,8,7,0,4,4,9.83611374277797,balanced,10,16,4,medium,0.055
55,sync_instruction,Synchronous instructions,cobalt>amber>mint>depot,1,159,12.72,120,39,0.24528301886792453,0,0.0,0,0.0,0.32146921242731435,44,4,4,0,4,4,7.388885843420952,balanced,10,16,4,medium,0.055
55,async_online,Asynchronous online,cobalt>amber>mint>depot,1,107,8.56,98,9,0.08411214953271028,10,0.10204081632653061,10,0.10204081632653061,0.33859448416009763,8,4,4,0,4,4,6.546307099815809,balanced,10,16,4,medium,0.055
55,oracle,Oracle planner/controller,cobalt>amber>mint>depot,1,78,6.24,78,0,0.0,0,0.0,0,0.0,0.3857739664394931,0,4,0,0,4,4,5.789579715269269,balanced,10,16,4,medium,0.055
56,controller_only,Controller only,cobalt>amber>mint>depot,0,260,20.8,260,0,0.0,0,0.0,222,0.8538461538461538,0.38517988714944573,21,0,0,0,2,4,19.03939091195059,balanced,10,16,4,medium,0.055
56,direct_blocking,Direct planner actions,cobalt>amber>mint>depot,0,260,20.8,150,110,0.4230769230769231,20,0.13333333333333333,48,0.32,1.2749998149555188,59,11,11,0,2,4,7.178167711284321,balanced,10,16,4,medium,0.055
56,sync_instruction,Synchronous instructions,cobalt>amber>mint>depot,0,260,20.8,251,9,0.03461538461538462,0,0.0,251,1.0,0.12923642843741154,0,1,1,0,0,4,1.5151942332927353,balanced,10,16,4,medium,0.055
56,async_online,Asynchronous online,cobalt>amber>mint>depot,0,260,20.8,251,9,0.03461538461538462,0,0.0,251,1.0,0.12923642843741154,0,2,1,0,0,4,1.5151942332927353,balanced,10,16,4,medium,0.055
56,oracle,Oracle planner/controller,cobalt>amber>mint>depot,1,102,8.16,102,0,0.0,0,0.0,0,0.0,0.3946407407164529,19,4,0,0,4,4,5.826139463619802,balanced,10,16,4,medium,0.055
57,controller_only,Controller only,cobalt>amber>mint>depot,0,260,20.8,260,0,0.0,0,0.0,223,0.8576923076923076,0.3820641086057678,40,0,0,0,2,4,17.843872633604995,balanced,10,16,4,medium,0.055
57,direct_blocking,Direct planner actions,cobalt>amber>mint>depot,1,236,18.88,136,100,0.423728813559322,26,0.19117647058823528,40,0.29411764705882354,1.2499646717959674,34,10,10,0,4,4,11.443926020839259,balanced,10,16,4,medium,0.055
57,sync_instruction,Synchronous instructions,cobalt>amber>mint>depot,1,156,12.48,117,39,0.25,0,0.0,0,0.0,0.34793570460700296,56,4,4,0,4,4,7.919251357167772,balanced,10,16,4,medium,0.055
57,async_online,Asynchronous online,cobalt>amber>mint>depot,1,128,10.24,119,9,0.0703125,0,0.0,0,0.0,0.3382824299298556,50,4,4,0,4,4,6.3975849558012525,balanced,10,16,4,medium,0.055
57,oracle,Oracle planner/controller,cobalt>amber>mint>depot,1,81,6.48,81,0,0.0,0,0.0,0,0.0,0.4112698320867152,4,4,0,0,4,4,6.22063440748236,balanced,10,16,4,medium,0.055
58,controller_only,Controller only,cobalt>amber>mint>depot,0,260,20.8,260,0,0.0,0,0.0,221,0.85,0.3986582123784554,9,0,0,0,2,4,20.738087196077018,balanced,10,16,4,medium,0.055
58,direct_blocking,Direct planner actions,cobalt>amber>mint>depot,0,260,20.8,150,110,0.4230769230769231,5,0.03333333333333333,75,0.5,1.208035669805073,36,11,11,0,2,4,15.83912495755586,balanced,10,16,4,medium,0.055
58,sync_instruction,Synchronous instructions,cobalt>amber>mint>depot,1,121,9.68,82,39,0.32231404958677684,0,0.0,0,0.0,0.39497608306852333,8,4,4,0,4,4,7.734551204725083,balanced,10,16,4,medium,0.055
58,async_online,Asynchronous online,cobalt>amber>mint>depot,1,101,8.08,92,9,0.0891089108910891,11,0.11956521739130435,11,0.11956521739130435,0.3264451861226148,0,4,4,0,4,4,6.704844938947475,balanced,10,16,4,medium,0.055
58,oracle,Oracle planner/controller,cobalt>amber>mint>depot,1,93,7.44,93,0,0.0,0,0.0,0,0.0,0.3683087238268834,13,4,0,0,4,4,5.734677961475755,balanced,10,16,4,medium,0.055
59,controller_only,Controller only,amber>cobalt>depot,1,81,6.48,81,0,0.0,0,0.0,2,0.024691358024691357,0.3697827477369381,22,0,0,0,3,3,4.742508250845838,balanced,10,16,4,medium,0.055
59,direct_blocking,Direct planner actions,amber>cobalt>depot,1,215,17.2,125,90,0.4186046511627907,15,0.12,29,0.232,1.2349745679892516,36,9,9,0,3,3,9.870939271363607,balanced,10,16,4,medium,0.055
59,sync_instruction,Synchronous instructions,amber>cobalt>depot,0,260,20.8,231,29,0.11153846153846154,0,0.0,181,0.7835497835497836,0.19439202443235276,13,3,3,0,2,3,5.309079732268406,balanced,10,16,4,medium,0.055
59,async_online,Asynchronous online,amber>cobalt>depot,0,260,20.8,251,9,0.03461538461538462,0,0.0,202,0.8047808764940239,0.17941146676731537,9,3,3,0,2,3,4.722382310347315,balanced,10,16,4,medium,0.055
59,oracle,Oracle planner/controller,amber>cobalt>depot,1,80,6.4,80,0,0.0,0,0.0,0,0.0,0.3784529776746903,19,3,0,0,3,3,4.623327231968489,balanced,10,16,4,medium,0.055
60,controller_only,Controller only,mint>cobalt>amber>depot,0,260,20.8,260,0,0.0,0,0.0,260,1.0,0.39451470283857826,21,0,0,0,0,4,19.00014264549193,balanced,10,16,4,medium,0.055
60,direct_blocking,Direct planner actions,mint>cobalt>amber>depot,0,260,20.8,150,110,0.4230769230769231,14,0.09333333333333334,66,0.44,1.2570995209856204,15,11,11,0,3,4,13.225517224326934,balanced,10,16,4,medium,0.055
60,sync_instruction,Synchronous instructions,mint>cobalt>amber>depot,1,109,8.72,70,39,0.3577981651376147,0,0.0,0,0.0,0.4619149720126506,9,4,4,0,4,4,6.374068063941526,balanced,10,16,4,medium,0.055
60,async_online,Asynchronous online,mint>cobalt>amber>depot,1,96,7.68,87,9,0.09375,17,0.19540229885057472,17,0.19540229885057472,0.3635762781272511,0,4,4,0,4,4,5.804428643177501,balanced,10,16,4,medium,0.055
60,oracle,Oracle planner/controller,mint>cobalt>amber>depot,1,70,5.6000000000000005,70,0,0.0,0,0.0,0,0.0,0.4520913854334048,0,4,0,0,4,4,5.220249141947021,balanced,10,16,4,medium,0.055
61,controller_only,Controller only,amber>mint>cobalt>depot,0,260,20.8,260,0,0.0,0,0.0,244,0.9384615384615385,0.3572847403819452,28,0,0,0,1,4,19.452722195802433,balanced,10,16,4,medium,0.055
61,direct_blocking,Direct planner actions,amber>mint>cobalt>depot,0,260,20.8,150,110,0.4230769230769231,23,0.15333333333333332,51,0.34,1.2038093914357295,8,11,11,0,3,4,15.013109438091915,balanced,10,16,4,medium,0.055
61,sync_instruction,Synchronous instructions,amber>mint>cobalt>depot,1,148,11.84,109,39,0.2635135135135135,0,0.0,0,0.0,0.4023908754208427,22,4,4,0,4,4,8.392733300022524,balanced,10,16,4,medium,0.055
61,async_online,Asynchronous online,amber>mint>cobalt>depot,1,111,8.88,102,9,0.08108108108108109,6,0.058823529411764705,6,0.058823529411764705,0.36815437313335897,6,4,4,0,4,4,6.8495174352802195,balanced,10,16,4,medium,0.055
61,oracle,Oracle planner/controller,amber>mint>cobalt>depot,1,93,7.44,93,0,0.0,0,0.0,0,0.0,0.4069538304511801,6,4,0,0,4,4,6.335890910852411,balanced,10,16,4,medium,0.055
62,controller_only,Controller only,amber>cobalt>depot,1,71,5.68,71,0,0.0,0,0.0,2,0.028169014084507043,0.41029922612119485,7,0,0,0,3,3,4.815061925434809,balanced,10,16,4,medium,0.055
62,direct_blocking,Direct planner actions,amber>cobalt>depot,1,216,17.28,126,90,0.4166666666666667,18,0.14285714285714285,46,0.36507936507936506,1.2505702688821145,63,9,9,0,3,3,7.1051336653950266,balanced,10,16,4,medium,0.055
62,sync_instruction,Synchronous instructions,amber>cobalt>depot,1,106,8.48,77,29,0.27358490566037735,0,0.0,0,0.0,0.4260541151327832,14,3,3,0,3,3,5.747985581490975,balanced,10,16,4,medium,0.055
62,async_online,Asynchronous online,amber>cobalt>depot,1,78,6.24,69,9,0.11538461538461539,0,0.0,0,0.0,0.3871454059392275,4,3,3,0,3,3,4.896933911752946,balanced,10,16,4,medium,0.055
62,oracle,Oracle planner/controller,amber>cobalt>depot,1,68,5.44,68,0,0.0,0,0.0,0,0.0,0.4094528921777194,6,3,0,0,3,3,4.573088693182077,balanced,10,16,4,medium,0.055
63,controller_only,Controller only,amber>mint>cobalt>depot,0,260,20.8,260,0,0.0,0,0.0,234,0.9,0.3949343253836352,52,0,0,0,1,4,16.5979303306526,balanced,10,16,4,medium,0.055
63,direct_blocking,Direct planner actions,amber>mint>cobalt>depot,1,260,20.8,150,110,0.4230769230769231,16,0.10666666666666667,30,0.2,1.226881720171447,36,11,11,0,4,4,13.128803925600637,balanced,10,16,4,medium,0.055
63,sync_instruction,Synchronous instructions,amber>mint>cobalt>depot,0,260,20.8,231,29,0.11153846153846154,0,0.0,185,0.8008658008658008,0.1775454194619125,5,3,3,0,2,4,4.930231447656842,balanced,10,16,4,medium,0.055
63,async_online,Asynchronous online,amber>mint>cobalt>depot,0,260,20.8,251,9,0.03461538461538462,4,0.01593625498007968,204,0.8127490039840638,0.15615530343857084,2,4,3,0,2,4,3.973662660208006,balanced,10,16,4,medium,0.055
63,oracle,Oracle planner/controller,amber>mint>cobalt>depot,1,104,8.32,104,0,0.0,0,0.0,0,0.0,0.3960953325138524,17,4,0,0,4,4,6.425113369092381,balanced,10,16,4,medium,0.055
