method,label,latency_scale,disturbance_scale,trials,success_mean,success_sem,tracking_rmse_mean,tracking_rmse_sem,tail_tracking_rmse_mean,tail_tracking_rmse_sem,final_error_mean,final_error_sem,boundary_discontinuity_mean,boundary_discontinuity_sem,p95_boundary_discontinuity_mean,p95_boundary_discontinuity_sem,handoff_staleness_mean,handoff_staleness_sem,context_age_ms_mean,context_age_ms_sem,rms_jerk_mean,rms_jerk_sem,idle_fraction_mean,idle_fraction_sem,deadline_miss_steps_mean,deadline_miss_steps_sem,simulated_first_action_latency_ms_mean,simulated_first_action_latency_ms_sem,emitted_chunks_mean,emitted_chunks_sem,decoder_sequential_passes_mean,decoder_sequential_passes_sem,decoder_slot_updates_mean,decoder_slot_updates_sem,causal_pair_interactions_mean,causal_pair_interactions_sem
isolated_n_step,Isolated 6-step,1.0,0.5,48.0,0.8958333333333334,0.04455834621587846,0.4569450847061804,0.0018295864227392002,0.1499502043243536,0.005491628757643402,0.11757186455306767,0.007302730428201724,0.19310128967537618,0.0026207996443869666,0.4786508066856288,0.01285983706304846,0.12217165594709312,0.0022258200408126106,125.0,0.0,13.471115609666619,0.024318436967229254,0.020833333333333332,0.0,0.0,0.0,125.0,0.0,30.0,0.0,180.0,0.0,180.0,0.0,0.0,0.0
isolated_n_step,Isolated 6-step,1.0,1.0,48.0,0.7708333333333334,0.06130657275434797,0.45869741183932794,0.0019576983644466355,0.17001399528728067,0.006082024785272361,0.13282794739093995,0.00989121243277298,0.2351541288400196,0.0034212401192071557,0.6016424781395826,0.012543858688251494,0.12486267585803723,0.002320154820441925,125.0,0.0,13.67933574393256,0.029998651859462294,0.020833333333333332,0.0,0.0,0.0,125.0,0.0,30.0,0.0,180.0,0.0,180.0,0.0,0.0,0.0
isolated_n_step,Isolated 6-step,1.0,1.8,48.0,0.5,0.07293249574894728,0.46655837460800687,0.0020082890784177054,0.18595644547977677,0.006828141108641439,0.12703470724578275,0.007829562875150537,0.30038047663924305,0.00405684302396255,0.9493179563796593,0.023072769016668816,0.12918395088691204,0.0019303177451523118,125.0,0.0,14.17061239303573,0.038206337316625254,0.020833333333333332,0.0,0.0,0.0,125.0,0.0,30.0,0.0,180.0,0.0,180.0,0.0,0.0,0.0
isolated_n_step,Isolated 6-step,1.5,0.5,48.0,0.75,0.06316139407998893,0.481985853360984,0.0020128836995827433,0.16045789230646768,0.006252666899054718,0.14883566584449992,0.008658450840159364,0.32672080389752484,0.0052606463806998995,0.9873683423100327,0.01816475175663878,0.2069821794181881,0.003389658921147883,200.0,0.0,14.291235830797385,0.053371659825589064,0.03333333333333333,0.0,0.0,0.0,200.0,0.0,29.0,0.0,180.0,0.0,180.0,0.0,0.0,0.0
isolated_n_step,Isolated 6-step,1.5,1.0,48.0,0.6666666666666666,0.0687614164172529,0.4884201251237639,0.0022855763822302944,0.18245973809974347,0.005545567904017406,0.14443126493092226,0.009463273329237562,0.35764336603558283,0.004739147966236205,0.9969654929759209,0.01871348079716496,0.2121212046480553,0.003922419912927443,200.0,0.0,14.431116496314845,0.049934943963102975,0.03333333333333333,0.0,0.0,0.0,200.0,0.0,29.0,0.0,180.0,0.0,180.0,0.0,0.0,0.0
isolated_n_step,Isolated 6-step,1.5,1.8,48.0,0.3125,0.06761023307918171,0.4963715349867903,0.0023461792249524806,0.22302272935222342,0.008951274462605817,0.16571116706818848,0.011337157248015347,0.43406599077093194,0.007346768802030153,1.1190115409334471,0.022085897797994775,0.20690529896422918,0.0037324638660100953,200.0,0.0,15.012418682508466,0.07571498856702559,0.03333333333333333,0.0,0.0,0.0,200.0,0.0,29.0,0.0,180.0,0.0,180.0,0.0,0.0,0.0
isolated_n_step,Isolated 6-step,2.0,0.5,48.0,0.6666666666666666,0.0687614164172529,0.5158128178233277,0.0020987128042538354,0.17746709334313293,0.006345050643082923,0.1503152549753329,0.010905288108451868,0.6417208672878173,0.014910742535408673,1.6232185330499462,0.035312579627741536,0.2721013632954425,0.005234097695287044,250.0,0.0,16.139074729299267,0.11424868084788418,0.23333333333333336,4.048566801192881e-18,46.0,0.0,250.0,0.0,23.0,0.0,144.0,0.0,144.0,0.0,0.0,0.0
isolated_n_step,Isolated 6-step,2.0,1.0,48.0,0.3958333333333333,0.07133220238382322,0.5244086233915167,0.00257532180406313,0.2091986868329316,0.008192233886477579,0.16533842636500973,0.01018377816784932,0.6664071298679949,0.012352732362196642,1.65756887759356,0.03468605418682362,0.2733307807246598,0.00403679212030699,250.0,0.0,16.292342128744234,0.10389138869118476,0.23333333333333336,4.048566801192881e-18,46.0,0.0,250.0,0.0,23.0,0.0,144.0,0.0,144.0,0.0,0.0,0.0
isolated_n_step,Isolated 6-step,2.0,1.8,48.0,0.25,0.06316139407998893,0.5312525608881927,0.003415252442353845,0.2397961131527778,0.009004713300869391,0.21831569080675975,0.01312957644916021,0.6892141935624062,0.011738573108131303,1.5550729616319383,0.0356204573196689,0.28315316595461293,0.005324032407403034,250.0,0.0,16.3777637406521,0.11262374683004005,0.23333333333333336,4.048566801192881e-18,46.0,0.0,250.0,0.0,23.0,0.0,144.0,0.0,144.0,0.0,0.0,0.0
few_step_distilled,Few-step distilled,1.0,0.5,48.0,0.8541666666666666,0.05148145136372291,0.44313045051974026,0.0018281392502539988,0.15916293390391326,0.005765445337766813,0.12656072296920698,0.007357849689651988,0.29981810365054157,0.0043668291191218045,0.5798680406489364,0.010429217043567671,0.048161069559173986,0.0009132389610184303,50.0,0.0,12.841707515255264,0.05604828986588469,0.008333333333333333,0.0,0.0,0.0,50.0,0.0,30.0,0.0,60.0,0.0,60.0,0.0,0.0,0.0
few_step_distilled,Few-step distilled,1.0,1.0,48.0,0.7291666666666666,0.06482097094483913,0.444461920340021,0.0020717156382712644,0.17465120537862225,0.006483579126287295,0.13895273461838362,0.009214997807952123,0.3175727988141476,0.003896263926563494,0.6196098736303308,0.011240351735018698,0.04900120991265983,0.0009623005627690904,50.0,0.0,13.04739487546488,0.056501984875918954,0.008333333333333333,0.0,0.0,0.0,50.0,0.0,30.0,0.0,60.0,0.0,60.0,0.0,0.0,0.0
few_step_distilled,Few-step distilled,1.0,1.8,48.0,0.5,0.07293249574894728,0.45265368885746987,0.002110328374925194,0.186199271418976,0.007234344255072534,0.13065931768621625,0.008119152952115941,0.3554376829349428,0.003826005267154272,0.7786849710708008,0.017184190494060444,0.05077727378894844,0.0008140643485850289,50.0,0.0,13.437994983370293,0.07171024488124975,0.008333333333333333,0.0,0.0,0.0,50.0,0.0,30.0,0.0,60.0,0.0,60.0,0.0,0.0,0.0
few_step_distilled,Few-step distilled,1.5,0.5,48.0,0.75,0.06316139407998893,0.448075489300924,0.002002403018617333,0.1659332975399338,0.00606394539208228,0.1428564201787783,0.007714917807971964,0.31664167760572787,0.00350684378611579,0.6365310144251707,0.00926998429063225,0.07318652301628414,0.0013230991583944433,75.00000000000001,0.0,13.097535335514571,0.056702498415151084,0.012499999999999999,2.5303542507455506e-19,0.0,0.0,75.00000000000001,0.0,30.0,0.0,60.0,0.0,60.0,0.0,0.0,0.0
few_step_distilled,Few-step distilled,1.5,1.0,48.0,0.7291666666666666,0.06482097094483912,0.45309412518818987,0.0020931644471354864,0.17896885464428233,0.005083365231017292,0.14112038917545625,0.008020426089944983,0.3335318557041557,0.0033956780037006275,0.6633958875324518,0.011012083541913725,0.07475932593419334,0.0015251775865948226,75.00000000000001,0.0,13.140017320937394,0.06047668526864872,0.012499999999999999,2.5303542507455506e-19,0.0,0.0,75.00000000000001,0.0,30.0,0.0,60.0,0.0,60.0,0.0,0.0,0.0
few_step_distilled,Few-step distilled,1.5,1.8,48.0,0.4166666666666667,0.07191241060522427,0.46048781108611697,0.002294132802621385,0.20536699854690468,0.00844490444174285,0.1471499012578626,0.008952894088568471,0.3775484076651378,0.004441086540627768,0.8488358514016866,0.021733330435205124,0.07308760595890988,0.0013763468999232285,75.00000000000001,0.0,13.750889103929033,0.06045690355671149,0.012499999999999999,2.5303542507455506e-19,0.0,0.0,75.00000000000001,0.0,30.0,0.0,60.0,0.0,60.0,0.0,0.0,0.0
few_step_distilled,Few-step distilled,2.0,0.5,48.0,0.7291666666666666,0.06482097094483912,0.4518317909620471,0.001518945100692165,0.1710515146379996,0.005699905650581473,0.12546770644013844,0.0073308875858274485,0.33426696084453855,0.004888141612058792,0.693371628940109,0.01300337803020752,0.09843180160629868,0.002156254077511493,100.0,0.0,13.316414647747733,0.06619740370551562,0.016666666666666666,0.0,0.0,0.0,100.0,0.0,30.0,0.0,60.0,0.0,60.0,0.0,0.0,0.0
few_step_distilled,Few-step distilled,2.0,1.0,48.0,0.5625,0.07236046734262122,0.4588495178404333,0.00219605782026484,0.19179866390881087,0.0063812533304347776,0.13713163374293832,0.00763978708190507,0.3553631133646176,0.004791290945685093,0.7417063113143169,0.014781540460943734,0.09861723515471128,0.0017415076691721099,100.0,0.0,13.409586877770982,0.062191562645455896,0.016666666666666666,0.0,0.0,0.0,100.0,0.0,30.0,0.0,60.0,0.0,60.0,0.0,0.0,0.0
few_step_distilled,Few-step distilled,2.0,1.8,48.0,0.6458333333333334,0.06976139255528775,0.4660834941363922,0.002439966113221158,0.18847259769396071,0.006943073112531847,0.14516093310869738,0.00889723338541119,0.3929461664307883,0.004104716842796029,0.8529304628223864,0.015061818613237016,0.10424378461968316,0.0021653932199903825,100.0,0.0,13.770905537524245,0.06807278328805072,0.016666666666666666,0.0,0.0,0.0,100.0,0.0,30.0,0.0,60.0,0.0,60.0,0.0,0.0,0.0
streaming_no_causal,"Staggered, no coupling",1.0,0.5,48.0,0.4791666666666667,0.07286915878889005,0.4626448363284448,0.002462583530250404,0.20055947081805373,0.006349054678238828,0.1535454275568366,0.008774031443232442,0.2578670795968577,0.004535822571880301,0.5100128827140576,0.016996256723452053,0.02580872222485961,0.0004068929066719836,28.33333333333334,5.182165505526888e-16,13.390935678818868,0.02758959495553588,0.020833333333333332,0.0,0.0,0.0,125.0,0.0,30.0,0.0,35.0,0.0,195.0,0.0,0.0,0.0
streaming_no_causal,"Staggered, no coupling",1.0,1.0,48.0,0.3125,0.06761023307918171,0.46368050957692475,0.002663930428547678,0.2089120593659787,0.006538012315118739,0.20057731477327442,0.012615699219258087,0.28348392509637005,0.00471096357989006,0.5633763486326422,0.014480122475672477,0.026332132893254923,0.00044086403744720464,28.33333333333334,5.182165505526888e-16,13.521441909631468,0.029308389523657448,0.020833333333333332,0.0,0.0,0.0,125.0,0.0,30.0,0.0,35.0,0.0,195.0,0.0,0.0,0.0
streaming_no_causal,"Staggered, no coupling",1.0,1.8,48.0,0.20833333333333334,0.05923816975988693,0.4721257535196665,0.00285410752633878,0.2349180713668948,0.006055620233746249,0.20382156038658072,0.013766383948512062,0.322464335965038,0.006502684253063755,0.6656236989376704,0.01229229073463852,0.02725840084299952,0.00034269577747198253,28.33333333333334,5.182165505526888e-16,13.777351474338005,0.03686627516862647,0.020833333333333332,0.0,0.0,0.0,125.0,0.0,30.0,0.0,35.0,0.0,195.0,0.0,0.0,0.0
streaming_no_causal,"Staggered, no coupling",1.5,0.5,48.0,0.2916666666666667,0.06629996666059658,0.49151903770883526,0.0031624716361534884,0.23325448433020327,0.007135353512634981,0.19979062805055667,0.011395743118601573,0.31702654750838427,0.004726266707848178,0.6316228560765486,0.0199272382429639,0.053536251851106186,0.000815836519036145,55.17241379310344,1.0364331011053775e-15,13.720879498337231,0.03057933949768817,0.03333333333333333,0.0,0.0,0.0,200.0,0.0,29.0,0.0,35.0,0.0,195.0,0.0,0.0,0.0
streaming_no_causal,"Staggered, no coupling",1.5,1.0,48.0,0.20833333333333334,0.059238169759886924,0.4976675651136113,0.002893817548907339,0.24143479467689719,0.007443829122612717,0.2028013875517385,0.013878997826552213,0.3342500955642842,0.00720466882914952,0.6705870045038466,0.021012933879025524,0.054809796429198615,0.0009542949556766504,55.17241379310344,1.0364331011053775e-15,13.842311701882693,0.040200246007607146,0.03333333333333333,0.0,0.0,0.0,200.0,0.0,29.0,0.0,35.0,0.0,195.0,0.0,0.0,0.0
streaming_no_causal,"Staggered, no coupling",1.5,1.8,48.0,0.14583333333333334,0.05148145136372291,0.5066891956957414,0.003440790116179912,0.26086836154204013,0.008646576699935142,0.25164932083240316,0.01732450496893178,0.38142053787340463,0.006842043049102046,0.7520518951288743,0.01379398903339744,0.05392706454837579,0.000920369250927205,55.17241379310344,1.0364331011053775e-15,14.116610682041406,0.04189143176777166,0.03333333333333333,0.0,0.0,0.0,200.0,0.0,29.0,0.0,35.0,0.0,195.0,0.0,0.0,0.0
streaming_no_causal,"Staggered, no coupling",2.0,0.5,48.0,0.20833333333333334,0.05923816975988693,0.5017202795155461,0.002891985643042807,0.2337361302245113,0.0072448581851257575,0.20920627991707405,0.012342545583311913,0.3161258861887051,0.005026429183919437,0.6155463060614749,0.01788430870568723,0.05369858545104363,0.0010445180912736804,56.89655172413793,1.0364331011053775e-15,13.720245659099513,0.028308712789072214,0.041666666666666664,0.0,0.0,0.0,250.0,0.0,29.0,0.0,34.0,0.0,189.0,0.0,0.0,0.0
streaming_no_causal,"Staggered, no coupling",2.0,1.0,48.0,0.14583333333333334,0.05148145136372291,0.5060841924790924,0.003633220937830407,0.24088746310999262,0.007425780113301152,0.2021217397738019,0.013029679020576742,0.3288935719940895,0.005599990782757014,0.6727578833408602,0.01860332272323802,0.0536233520629576,0.0008624909352469191,56.89655172413793,1.0364331011053775e-15,13.831774274102044,0.03328736774409108,0.041666666666666664,0.0,0.0,0.0,250.0,0.0,29.0,0.0,34.0,0.0,189.0,0.0,0.0,0.0
streaming_no_causal,"Staggered, no coupling",2.0,1.8,48.0,0.22916666666666666,0.06130657275434797,0.526268511598738,0.0036702812287605353,0.25136257422449954,0.010979870811012028,0.23241646011985265,0.014603635923788534,0.3736679383044536,0.0075963577566985985,0.7420634782951891,0.017128486279314514,0.056960278150530674,0.0010653572601833177,56.89655172413793,1.0364331011053775e-15,14.074117392504156,0.04835469185235387,0.041666666666666664,0.0,0.0,0.0,250.0,0.0,29.0,0.0,34.0,0.0,189.0,0.0,0.0,0.0
streaming_causal,Staggered + causal coupling,1.0,0.5,48.0,0.8333333333333334,0.05436067275445351,0.4792639527636526,0.002699859008028839,0.15825185225059574,0.006261978956666353,0.12218988227981982,0.0067319638314711815,0.03334652539755831,0.0006931186691380868,0.06475987158695289,0.0019549399749540517,0.0012724631050664674,1.6649952561477317e-05,28.33333333333334,5.182165505526888e-16,12.683844013900412,0.009415525059148484,0.020833333333333332,0.0,0.0,0.0,125.0,0.0,30.0,0.0,35.0,0.0,195.0,0.0,644.0,0.0
streaming_causal,Staggered + causal coupling,1.0,1.0,48.0,0.6458333333333334,0.06976139255528775,0.4801657792383411,0.0030629760161638105,0.1803065468400836,0.006924574718759838,0.13767786073765764,0.009767246949161812,0.04317606469518887,0.000745495060314088,0.10455723572212472,0.003043286734394942,0.0015068630048730844,2.0328895376961633e-05,28.33333333333334,5.182165505526888e-16,12.724870820015283,0.011315440779537193,0.020833333333333332,0.0,0.0,0.0,125.0,0.0,30.0,0.0,35.0,0.0,195.0,0.0,644.0,0.0
streaming_causal,Staggered + causal coupling,1.0,1.8,48.0,0.4166666666666667,0.07191241060522428,0.49059747795042324,0.002755631840962112,0.20173578269933912,0.008559447566155643,0.13858583152688608,0.009039976979752453,0.060172834204783816,0.0008957070943377643,0.1709543086561477,0.004225839385228123,0.0019853070619253975,3.283322912561762e-05,28.33333333333334,5.182165505526888e-16,12.781975960844845,0.00867801113277233,0.020833333333333332,0.0,0.0,0.0,125.0,0.0,30.0,0.0,35.0,0.0,195.0,0.0,644.0,0.0
streaming_causal,Staggered + causal coupling,1.5,0.5,48.0,0.7708333333333334,0.06130657275434797,0.49993452415351025,0.003503608390357351,0.16391661136200744,0.006665866725453364,0.13215351715763932,0.0075238898896215186,0.03834628606123847,0.0007092612805089543,0.07596087414470233,0.001849069675409727,0.0016318275314961956,1.7520944001626555e-05,55.17241379310344,1.0364331011053775e-15,12.712759180375002,0.008872419538427137,0.03333333333333333,0.0,0.0,0.0,200.0,0.0,29.0,0.0,35.0,0.0,195.0,0.0,644.0,0.0
streaming_causal,Staggered + causal coupling,1.5,1.0,48.0,0.6458333333333334,0.06976139255528772,0.5057504314406209,0.003494347877382127,0.18156160820119074,0.006122819498605346,0.13292715709038402,0.008625583964161554,0.046780508896288986,0.0008190426042081841,0.11354378177239904,0.0026042426805939875,0.0019685632560362738,2.558327961535187e-05,55.17241379310344,1.0364331011053775e-15,12.731659754183054,0.008939962300689405,0.03333333333333333,0.0,0.0,0.0,200.0,0.0,29.0,0.0,35.0,0.0,195.0,0.0,644.0,0.0
streaming_causal,Staggered + causal coupling,1.5,1.8,48.0,0.3333333333333333,0.0687614164172529,0.5194375516236885,0.003672662360819389,0.22280289751867088,0.00957787405705773,0.15555346142657123,0.009101326554493845,0.06682224921939543,0.0011408574774598953,0.19529179677476302,0.004039110580257326,0.0025968396550793533,3.914280221245441e-05,55.17241379310344,1.0364331011053775e-15,12.802709802027904,0.01242943925261423,0.03333333333333333,0.0,0.0,0.0,200.0,0.0,29.0,0.0,35.0,0.0,195.0,0.0,644.0,0.0
streaming_causal,Staggered + causal coupling,2.0,0.5,48.0,0.7083333333333334,0.06629996666059658,0.5105138314470422,0.003654142171866944,0.17323935550513467,0.005562744767519474,0.11405801139354366,0.0065749513026144,0.03957874565588778,0.0007102892535571644,0.07917493239397376,0.0018080359489032521,0.0016169294501411522,2.2267450292208836e-05,56.89655172413793,1.0364331011053775e-15,12.722096914605592,0.009776521940480395,0.041666666666666664,0.0,0.0,0.0,250.0,0.0,29.0,0.0,34.0,0.0,189.0,0.0,623.0,0.0
streaming_causal,Staggered + causal coupling,2.0,1.0,48.0,0.4791666666666667,0.07286915878889005,0.5163942775896067,0.0039741022804977745,0.1929423133880379,0.007192273248350908,0.13750877606548859,0.007374952745115881,0.04901545950910605,0.0006738028151359958,0.12098352968924962,0.0028245452969437165,0.002016872318948207,2.7677875776582825e-05,56.89655172413793,1.0364331011053775e-15,12.759771325831707,0.010146027008042388,0.041666666666666664,0.0,0.0,0.0,250.0,0.0,29.0,0.0,34.0,0.0,189.0,0.0,623.0,0.0
streaming_causal,Staggered + causal coupling,2.0,1.8,48.0,0.5208333333333334,0.07286915878889005,0.536116989823296,0.00377549385535438,0.1999200883414196,0.00792369018792891,0.1505464940408732,0.00911085314529442,0.06593400414789156,0.000995418132681288,0.17835640232915032,0.004338380025412494,0.002588817948690156,3.9886526390911746e-05,56.89655172413793,1.0364331011053775e-15,12.782669168557831,0.011347082556892362,0.041666666666666664,0.0,0.0,0.0,250.0,0.0,29.0,0.0,34.0,0.0,189.0,0.0,623.0,0.0
future_state_conditioned,Future-state conditioned,1.0,0.5,48.0,0.875,0.04824031156174749,0.47341291601235796,0.0024733746473508855,0.1517543515452688,0.005686393337038227,0.11826444669233716,0.0065437622699783355,0.11828361491198046,0.0018608913591032937,0.2759356387501235,0.007088366211361951,0.0018607621130532508,3.0808161885802066e-05,125.0,0.0,12.915892776874133,0.007977571442563296,0.020833333333333332,0.0,0.0,0.0,125.0,0.0,30.0,0.0,180.0,0.0,180.0,0.0,0.0,0.0
future_state_conditioned,Future-state conditioned,1.0,1.0,48.0,0.75,0.06316139407998893,0.4740749215124329,0.0027703791853595757,0.17065362981531126,0.00625998241727244,0.13015899969471192,0.00849855746736129,0.16319838942793433,0.002013161009644304,0.5007113457693829,0.013594837311878513,0.0022589681027686795,4.339233880195214e-05,125.0,0.0,13.163081805559477,0.015156806971324233,0.020833333333333332,0.0,0.0,0.0,125.0,0.0,30.0,0.0,180.0,0.0,180.0,0.0,0.0,0.0
future_state_conditioned,Future-state conditioned,1.0,1.8,48.0,0.5416666666666666,0.07267881673425383,0.4827055410691596,0.0024465172991511804,0.18541658789241602,0.007763991494208957,0.12201195285525272,0.0082959021097431,0.23594377721038237,0.0030339292906559154,0.8539545254119666,0.026373134337713343,0.0030603749866388898,6.388763606033073e-05,125.0,0.0,13.755958778464027,0.038264222288916676,0.020833333333333332,0.0,0.0,0.0,125.0,0.0,30.0,0.0,180.0,0.0,180.0,0.0,0.0,0.0
future_state_conditioned,Future-state conditioned,1.5,0.5,48.0,0.8125,0.05693291124629694,0.4971833243280406,0.003244942507555725,0.15900894949379515,0.006383891502530009,0.12839331536317303,0.007193921234859928,0.15357675063428142,0.002299510946915,0.3593276186943351,0.007719712823887836,0.00484182958083679,4.778627682603507e-05,200.0,0.0,13.029220437232622,0.010342537466487911,0.03333333333333333,0.0,0.0,0.0,200.0,0.0,29.0,0.0,180.0,0.0,180.0,0.0,0.0,0.0
future_state_conditioned,Future-state conditioned,1.5,1.0,48.0,0.7083333333333334,0.06629996666059658,0.5026770486768984,0.0031887919560715087,0.1762787713065752,0.005805545139653435,0.12887656593668972,0.008154299994265968,0.19579142919910117,0.002597770043094327,0.5404485344336217,0.01470965405652559,0.005769569331163969,8.719499854050173e-05,200.0,0.0,13.25712255875876,0.016236963127213327,0.03333333333333333,0.0,0.0,0.0,200.0,0.0,29.0,0.0,180.0,0.0,180.0,0.0,0.0,0.0
future_state_conditioned,Future-state conditioned,1.5,1.8,48.0,0.3541666666666667,0.06976139255528772,0.5151110124055208,0.0032547002987167676,0.21532300273648372,0.009112545925278139,0.14740448312265556,0.008828778564330248,0.29566131964711634,0.0036154238940632856,1.0064182891579287,0.03466515689917139,0.007727155359181001,0.00014077256272401357,200.0,0.0,14.14301823080794,0.054021425908925606,0.03333333333333333,0.0,0.0,0.0,200.0,0.0,29.0,0.0,180.0,0.0,180.0,0.0,0.0,0.0
future_state_conditioned,Future-state conditioned,2.0,0.5,48.0,0.75,0.06316139407998893,0.5050968543199672,0.003191649448236741,0.17182632379949558,0.0055118271416874755,0.11616385902283886,0.006829804604515751,0.22839772333348987,0.0034207752197508772,0.48497343090535344,0.013968045222529035,0.04461874519967813,0.0011876796552129038,250.0,0.0,13.145202898404667,0.01782152860914457,0.23333333333333336,4.048566801192881e-18,46.0,0.0,250.0,0.0,23.0,0.0,144.0,0.0,144.0,0.0,0.0,0.0
future_state_conditioned,Future-state conditioned,2.0,1.0,48.0,0.4791666666666667,0.07286915878889005,0.511813051386181,0.0036064051112099536,0.1952831188661098,0.0070604567621826665,0.13772320114068323,0.007955067323015373,0.28728644029282574,0.0040546246554291395,0.6898397525271079,0.01798489825197762,0.04488720043026204,0.0010441482953774098,250.0,0.0,13.451077631781397,0.024538112983614184,0.23333333333333336,4.048566801192881e-18,46.0,0.0,250.0,0.0,23.0,0.0,144.0,0.0,144.0,0.0,0.0,0.0
future_state_conditioned,Future-state conditioned,2.0,1.8,48.0,0.5,0.07293249574894728,0.530613491336073,0.0033973585311691634,0.20702804409915956,0.008051900243169841,0.15838821464400052,0.009521521730428185,0.38198102493836256,0.005282052550804863,1.0650577029593435,0.03376012137342802,0.0504466433814213,0.0012126631626246842,250.0,0.0,14.203249613575153,0.05309510946538828,0.23333333333333336,4.048566801192881e-18,46.0,0.0,250.0,0.0,23.0,0.0,144.0,0.0,144.0,0.0,0.0,0.0
