severity,method,success,success_sem,tracking_rmse,tracking_rmse_sem,tail_rmse,tail_rmse_sem,final_error,final_error_sem,inference_calls,inference_calls_sem,mean_horizon,mean_horizon_sem,selected_action_error,selected_action_error_sem,n
0.0,attention_entropy,0.325,0.075,0.3928231626669226,0.003151947212892286,0.4890273704392065,0.004940324943954825,0.3485858453947627,0.0072011186322198,13.0,0.0,12.923076923076923,0.0,2.2355899202803284,0.014193914155057047,40
0.0,ensemble_uncertainty,0.0,0.0,0.9715485232413764,0.020261899681115806,1.213183242114421,0.03549177339068924,0.5751909455923669,0.04569332533416436,8.125,0.06392603899459484,20.725,0.15738582892147285,0.9160100353953343,0.030801402899532464,40
0.0,fixed_12,0.15,0.05717718748968655,0.3818971089126445,0.00380099543581034,0.5341209531844054,0.006871940188955103,0.37511808739865105,0.014614126357614611,14.0,0.0,12.0,0.0,1.6126652527884553,0.01431537865115643,40
0.0,fixed_24,0.0,0.0,1.0643088463974197,0.01512845158891677,1.4120710377843622,0.02701561002011312,1.2386081708556447,0.03361487973862947,7.0,0.0,24.0,0.0,0.7523226535192793,0.012464666372080008,40
0.0,fixed_3,1.0,0.0,0.1536803052993237,0.002039524695329081,0.2132323485229389,0.0007830457589319477,0.200177220447903,0.0018975819319060926,56.0,0.0,3.0,0.0,0.350106845561503,0.0007099624251812876,40
0.0,fixed_6,1.0,0.0,0.20930894439354059,0.0018251565415935683,0.29894614048413265,0.001038788042298035,0.25603406867902234,0.0028408302421872498,28.0,0.0,6.0,0.0,0.51563526875876,0.0015875797339338252,40
0.0,oracle_stop,1.0,0.0,0.15262204160742326,0.0018618566210698545,0.18349492623560715,0.0012966891437082271,0.1897795044123439,0.001915863843841929,38.025,0.22783119031873417,4.424617240484113,0.027723637251087715,0.5721488278637458,0.007081177423199293,40
0.0,shuffled_attention,0.0,0.0,0.913388538953687,0.016775437874232503,1.0900749145694533,0.04698178283547963,0.7149540224958872,0.051322554868704275,8.85,0.13180210495965106,19.13863636363637,0.26939666958952774,0.8795530263956284,0.03337288726265255,40
0.0,state_error,0.2,0.06405126152203486,0.6196905394447688,0.015397988519635092,0.7160233264018963,0.04342909860137042,0.4458546839786427,0.04179052699530598,13.85,0.11629978944796515,12.163846153846155,0.1037098967283804,1.1283190590390462,0.030180341178474426,40
0.5,attention_entropy,0.35,0.07637626158259733,0.39086666558995714,0.0030966112173936534,0.4908855257656965,0.0053467944031040165,0.34807805714137385,0.007202185501664681,13.0,0.0,12.923076923076923,0.0,2.2404974274138256,0.014342525600282223,40
0.5,ensemble_uncertainty,0.0,0.0,0.9710617305852682,0.02045351674536708,1.2156188228401983,0.03617152363188174,0.5779937630495147,0.04541629355563319,8.125,0.06392603899459484,20.725,0.15738582892147285,0.9238458946168041,0.03123424624480732,40
0.5,fixed_12,0.125,0.05295740910852021,0.38008419994274123,0.0035502251809323153,0.5375820051651743,0.00689842698924792,0.3747755874665107,0.014563057959470849,14.0,0.0,12.0,0.0,1.6150207370134644,0.01438848874018598,40
0.5,fixed_24,0.0,0.0,1.0672032752937723,0.015130442633023489,1.4236478057375102,0.02786722628329986,1.2402946970958388,0.03376747813773989,7.0,0.0,24.0,0.0,0.7626013047883918,0.013553276844289659,40
0.5,fixed_3,1.0,0.0,0.1499133673496428,0.0010895636661626168,0.2142611930786861,0.0010634988093353311,0.20005293388604736,0.0019397626709780809,56.0,0.0,3.0,0.0,0.3524858911577799,0.0008993187406823913,40
0.5,fixed_6,1.0,0.0,0.20585957751590725,0.001261874411664766,0.29998107945259317,0.0013127551871913471,0.25584298043507997,0.0028592057278621803,28.0,0.0,6.0,0.0,0.5184664356965314,0.0022196562568167124,40
0.5,oracle_stop,1.0,0.0,0.14941775577589755,0.0011287842072143439,0.18577721591647708,0.001288249486426889,0.19028564905894846,0.002092967901429348,37.875,0.28686524130097507,4.446101112108814,0.03548741990749031,0.5749026968678098,0.006702464122384035,40
0.5,shuffled_attention,0.0,0.0,0.9112372350459388,0.01643526229541763,1.0960336923429277,0.04751688338397712,0.7201289187025373,0.05119262842986688,8.85,0.13180210495965106,19.13863636363637,0.26939666958952774,0.8740823186697637,0.03453868560488501,40
0.5,state_error,0.125,0.05295740910852021,0.6393636120630157,0.01712282310017837,0.7035038389097534,0.037249304569771526,0.38287370277687777,0.03907422752761825,13.975,0.09119927462599518,12.041538461538462,0.0789980496754583,1.1158055450660824,0.029394270005028998,40
1.0,attention_entropy,0.35,0.07637626158259733,0.3940186322358035,0.0033649023665711436,0.49431413226669657,0.006051026739521664,0.3475008379898707,0.007218292761018206,13.0,0.0,12.923076923076923,0.0,2.247381742507945,0.014661071725072352,40
1.0,ensemble_uncertainty,0.0,0.0,0.9740900239247612,0.02087377736643418,1.2200236827837263,0.037230077904037956,0.5821934162675211,0.045259891909050526,8.125,0.06392603899459484,20.725,0.15738582892147285,0.9425246246027875,0.031920282327985695,40
1.0,fixed_12,0.1,0.048038446141526144,0.3828366782388458,0.0037242030375977202,0.5425096600318847,0.007259508247837106,0.3744440460897256,0.014511952020418245,14.0,0.0,12.0,0.0,1.6207274545395733,0.01471306359782215,40
1.0,fixed_24,0.0,0.0,1.07338113184456,0.015636919266419136,1.4370816390613168,0.02990387802029657,1.2421254231398449,0.03398062207653751,7.0,0.0,24.0,0.0,0.7841905095462243,0.014891770893770407,40
1.0,fixed_3,1.0,0.0,0.15133984835373346,0.001120627545990678,0.215932100118773,0.0014828494270219116,0.1999323155711828,0.00199215735324444,56.0,0.0,3.0,0.0,0.3584228980788347,0.0011841552582558677,40
1.0,fixed_6,1.0,0.0,0.20751054145572656,0.0013821394291655643,0.3018923760370334,0.001776153992933255,0.25565320653820295,0.0028935421575123133,28.0,0.0,6.0,0.0,0.5269154038718653,0.003023093102398426,40
1.0,oracle_stop,1.0,0.0,0.1500935325716053,0.0011654054020996433,0.18769194730734534,0.0015899323244520306,0.19032591533209828,0.002175437016051067,38.225,0.30694420273030665,4.4065012379586115,0.03672796901542294,0.5770159569332323,0.007910238449575885,40
1.0,shuffled_attention,0.0,0.0,0.9120726126496361,0.016433743657940033,1.101065774300463,0.04919558658423385,0.7804558846691492,0.05515910632037083,8.975,0.13628542823324125,18.878787878787882,0.272114480338564,0.8811445347938228,0.03317926548208147,40
1.0,state_error,0.15,0.05717718748968655,0.6584390682034214,0.01778003943425439,0.7329675510670635,0.038801615757712724,0.41188608739907073,0.04237208321465862,14.075,0.09731985329907689,11.95923076923077,0.08626779939210055,1.0840252569499524,0.031304200136214905,40
1.5,attention_entropy,0.55,0.07966275068156914,0.3931369321952717,0.003952458060797763,0.48336307768915276,0.007725492403528471,0.3511190932500575,0.008771171236067294,13.625,0.07752170911825529,12.346153846153845,0.07155850072454335,2.11131169854527,0.023357114071132234,40
1.5,ensemble_uncertainty,0.0,0.0,0.9787627995011615,0.021505277864111428,1.2263650462573898,0.038660545738711825,0.5876566208228192,0.045302328949083315,8.125,0.06392603899459484,20.725,0.15738582892147285,0.9673007046269039,0.032758549574946255,40
1.5,fixed_12,0.1,0.048038446141526144,0.38717709174549403,0.004018456220417101,0.54890457969604,0.007918617164807367,0.3741158331907891,0.014461916557630291,14.0,0.0,12.0,0.0,1.6283377717741083,0.015369700505139031,40
1.5,fixed_24,0.0,0.0,1.0811679193651274,0.01659236339647054,1.452377992428311,0.032900938644319484,1.2441140620561315,0.03425390978917402,7.0,0.0,24.0,0.0,0.8115021698163023,0.01625772273841107,40
1.5,fixed_3,1.0,0.0,0.15350996456261998,0.0012078277594080073,0.21824060678847976,0.0019595261645372463,0.19981508437776266,0.0020542799371664217,56.0,0.0,3.0,0.0,0.3654595531469357,0.00149649464373563,40
1.5,fixed_6,1.0,0.0,0.21019902054335998,0.0015818360666386996,0.30467454676583616,0.0023239430938636553,0.25546478013354396,0.002943580595614317,28.0,0.0,6.0,0.0,0.5385989454449216,0.003586974670392011,40
1.5,oracle_stop,1.0,0.0,0.15162218118222054,0.0013301972273308258,0.1894691781148971,0.0020194943125606533,0.1911608909318578,0.002109657313872788,38.4,0.3137858162210944,4.386847373567905,0.03728531387209866,0.5814320060595511,0.007947548155505755,40
1.5,shuffled_attention,0.0,0.0,0.8973522270793579,0.016681671575586414,1.0957689614292652,0.04777373635925123,0.7303882453805628,0.053520254116298786,9.05,0.13844373104863458,18.72712121212121,0.27583240422791433,0.9085170246598473,0.03500075623476294,40
1.5,state_error,0.15,0.05717718748968655,0.6478741513751123,0.02032101673272693,0.7343500549613061,0.041483104900719624,0.43128538132657895,0.04179127600053309,14.05,0.1071184343348939,11.985384615384614,0.09477304418670489,1.111364332055133,0.028741553641690485,40
2.0,attention_entropy,0.575,0.07915823166939519,0.394155072739584,0.004025428302994995,0.4757331678624464,0.006703457233715524,0.3544850578356258,0.009273459208698348,14.0,0.0,12.0,0.0,2.0327581807389277,0.015210383473967201,40
2.0,ensemble_uncertainty,0.0,0.0,0.9850646593833504,0.02234477078203307,1.2346160696834818,0.04044871775171216,0.5943819327889753,0.045585936301127485,8.125,0.06392603899459484,20.725,0.15738582892147285,0.9947165903677962,0.03388586059505924,40
2.0,fixed_12,0.075,0.04217636961434867,0.393084607695224,0.004405817610402898,0.5567624143764789,0.008824809585033025,0.3737802042450783,0.014414246710090301,14.0,0.0,12.0,0.0,1.637544137773214,0.016243649244781617,40
2.0,fixed_24,0.0,0.0,1.0905598703327075,0.017922467011879304,1.4695376744072712,0.03661738453826763,1.2462712178376094,0.034589972063935846,7.0,0.0,24.0,0.0,0.8410862135691574,0.017870540236355512,40
2.0,fixed_3,1.0,0.0,0.15640908807652204,0.0013392256296069834,0.2211821828699053,0.0024653324380419193,0.19970097446879403,0.002125692614173875,56.0,0.0,3.0,0.0,0.37290971336304246,0.001820036700395634,40
2.0,fixed_6,1.0,0.0,0.21390390211152416,0.0018334363995765439,0.3083198776574383,0.0029161778600832224,0.25527764323827074,0.003009001484546773,28.0,0.0,6.0,0.0,0.5522194199099255,0.004075668059836922,40
2.0,oracle_stop,1.0,0.0,0.15443143707525883,0.0014875948772304307,0.19271478179019075,0.0022974547575542906,0.19193309510485673,0.0022745723842253255,38.775,0.29195955989723066,4.342686584143958,0.034118437493935644,0.5874325964758572,0.00816989491961972,40
2.0,shuffled_attention,0.025,0.024999999999999998,0.8945594944684168,0.016221146614369547,1.0820960885920425,0.04842118500016974,0.7295164568226815,0.056321858594700035,9.15,0.15,18.543636363636363,0.28869113699408266,0.9432014272149001,0.03571937239013221,40
2.0,state_error,0.1,0.048038446141526144,0.67000172235487,0.01869370242268345,0.7683542343182402,0.03841212252216957,0.5075983339534975,0.05720163198397857,14.075,0.09049366035310188,11.955384615384617,0.07721404535367013,1.1026100257708664,0.03150479344218165,40
