seed,shots,latent_explained_variance,latent_components,source_labeled_transitions,source_total_transitions
23,0,0.9999109671902775,"[[0.08112111816996888, -0.17339007095547887, 0.7168986381260366, -0.6703816749687767], [0.17146530369446628, 0.07993678901126444, 0.6706423062082009, 0.7172507626453103]]",36,3600
23,1,0.9999109671902775,"[[0.08112111816996888, -0.17339007095547887, 0.7168986381260366, -0.6703816749687767], [0.17146530369446628, 0.07993678901126444, 0.6706423062082009, 0.7172507626453103]]",36,3600
23,2,0.9999109671902775,"[[0.08112111816996888, -0.17339007095547887, 0.7168986381260366, -0.6703816749687767], [0.17146530369446628, 0.07993678901126444, 0.6706423062082009, 0.7172507626453103]]",36,3600
23,4,0.9999109671902775,"[[0.08112111816996888, -0.17339007095547887, 0.7168986381260366, -0.6703816749687767], [0.17146530369446628, 0.07993678901126444, 0.6706423062082009, 0.7172507626453103]]",36,3600
23,8,0.9999109671902775,"[[0.08112111816996888, -0.17339007095547887, 0.7168986381260366, -0.6703816749687767], [0.17146530369446628, 0.07993678901126444, 0.6706423062082009, 0.7172507626453103]]",36,3600
23,16,0.9999109671902775,"[[0.08112111816996888, -0.17339007095547887, 0.7168986381260366, -0.6703816749687767], [0.17146530369446628, 0.07993678901126444, 0.6706423062082009, 0.7172507626453103]]",36,3600
23,32,0.9999109671902775,"[[0.08112111816996888, -0.17339007095547887, 0.7168986381260366, -0.6703816749687767], [0.17146530369446628, 0.07993678901126444, 0.6706423062082009, 0.7172507626453103]]",36,3600
24,0,0.9999189019127346,"[[0.09089937129190968, -0.16824010071687512, 0.7538038018197977, -0.628659209088303], [-0.1662008244361744, -0.0895574267202579, -0.6289290499485443, -0.7541916224719043]]",36,3600
24,1,0.9999189019127346,"[[0.09089937129190968, -0.16824010071687512, 0.7538038018197977, -0.628659209088303], [-0.1662008244361744, -0.0895574267202579, -0.6289290499485443, -0.7541916224719043]]",36,3600
24,2,0.9999189019127346,"[[0.09089937129190968, -0.16824010071687512, 0.7538038018197977, -0.628659209088303], [-0.1662008244361744, -0.0895574267202579, -0.6289290499485443, -0.7541916224719043]]",36,3600
24,4,0.9999189019127346,"[[0.09089937129190968, -0.16824010071687512, 0.7538038018197977, -0.628659209088303], [-0.1662008244361744, -0.0895574267202579, -0.6289290499485443, -0.7541916224719043]]",36,3600
24,8,0.9999189019127346,"[[0.09089937129190968, -0.16824010071687512, 0.7538038018197977, -0.628659209088303], [-0.1662008244361744, -0.0895574267202579, -0.6289290499485443, -0.7541916224719043]]",36,3600
24,16,0.9999189019127346,"[[0.09089937129190968, -0.16824010071687512, 0.7538038018197977, -0.628659209088303], [-0.1662008244361744, -0.0895574267202579, -0.6289290499485443, -0.7541916224719043]]",36,3600
24,32,0.9999189019127346,"[[0.09089937129190968, -0.16824010071687512, 0.7538038018197977, -0.628659209088303], [-0.1662008244361744, -0.0895574267202579, -0.6289290499485443, -0.7541916224719043]]",36,3600
25,0,0.9999068810394642,"[[0.0933124045165031, -0.16819429273110165, 0.7631749393348412, -0.6169015213365056], [-0.1651613782635074, -0.0927797202820626, -0.6174102736173177, -0.7634907967135363]]",36,3600
25,1,0.9999068810394642,"[[0.0933124045165031, -0.16819429273110165, 0.7631749393348412, -0.6169015213365056], [-0.1651613782635074, -0.0927797202820626, -0.6174102736173177, -0.7634907967135363]]",36,3600
25,2,0.9999068810394642,"[[0.0933124045165031, -0.16819429273110165, 0.7631749393348412, -0.6169015213365056], [-0.1651613782635074, -0.0927797202820626, -0.6174102736173177, -0.7634907967135363]]",36,3600
25,4,0.9999068810394642,"[[0.0933124045165031, -0.16819429273110165, 0.7631749393348412, -0.6169015213365056], [-0.1651613782635074, -0.0927797202820626, -0.6174102736173177, -0.7634907967135363]]",36,3600
25,8,0.9999068810394642,"[[0.0933124045165031, -0.16819429273110165, 0.7631749393348412, -0.6169015213365056], [-0.1651613782635074, -0.0927797202820626, -0.6174102736173177, -0.7634907967135363]]",36,3600
25,16,0.9999068810394642,"[[0.0933124045165031, -0.16819429273110165, 0.7631749393348412, -0.6169015213365056], [-0.1651613782635074, -0.0927797202820626, -0.6174102736173177, -0.7634907967135363]]",36,3600
25,32,0.9999068810394642,"[[0.0933124045165031, -0.16819429273110165, 0.7631749393348412, -0.6169015213365056], [-0.1651613782635074, -0.0927797202820626, -0.6174102736173177, -0.7634907967135363]]",36,3600
26,0,0.9999162245125015,"[[0.09024765183311174, -0.16934333057088913, 0.7513267590035668, -0.631416106014856], [-0.16678853865395465, -0.08830713923723654, -0.6317345449802094, -0.751860956036461]]",36,3600
26,1,0.9999162245125015,"[[0.09024765183311174, -0.16934333057088913, 0.7513267590035668, -0.631416106014856], [-0.16678853865395465, -0.08830713923723654, -0.6317345449802094, -0.751860956036461]]",36,3600
26,2,0.9999162245125015,"[[0.09024765183311174, -0.16934333057088913, 0.7513267590035668, -0.631416106014856], [-0.16678853865395465, -0.08830713923723654, -0.6317345449802094, -0.751860956036461]]",36,3600
26,4,0.9999162245125015,"[[0.09024765183311174, -0.16934333057088913, 0.7513267590035668, -0.631416106014856], [-0.16678853865395465, -0.08830713923723654, -0.6317345449802094, -0.751860956036461]]",36,3600
26,8,0.9999162245125015,"[[0.09024765183311174, -0.16934333057088913, 0.7513267590035668, -0.631416106014856], [-0.16678853865395465, -0.08830713923723654, -0.6317345449802094, -0.751860956036461]]",36,3600
26,16,0.9999162245125015,"[[0.09024765183311174, -0.16934333057088913, 0.7513267590035668, -0.631416106014856], [-0.16678853865395465, -0.08830713923723654, -0.6317345449802094, -0.751860956036461]]",36,3600
26,32,0.9999162245125015,"[[0.09024765183311174, -0.16934333057088913, 0.7513267590035668, -0.631416106014856], [-0.16678853865395465, -0.08830713923723654, -0.6317345449802094, -0.751860956036461]]",36,3600
27,0,0.9999104449437795,"[[0.10480044556411443, -0.16016567289947936, 0.8056496988045937, -0.5606178615155677], [0.15792630021406925, 0.10470002406598866, 0.5610140081000061, 0.8058290584093152]]",36,3600
27,1,0.9999104449437795,"[[0.10480044556411443, -0.16016567289947936, 0.8056496988045937, -0.5606178615155677], [0.15792630021406925, 0.10470002406598866, 0.5610140081000061, 0.8058290584093152]]",36,3600
27,2,0.9999104449437795,"[[0.10480044556411443, -0.16016567289947936, 0.8056496988045937, -0.5606178615155677], [0.15792630021406925, 0.10470002406598866, 0.5610140081000061, 0.8058290584093152]]",36,3600
27,4,0.9999104449437795,"[[0.10480044556411443, -0.16016567289947936, 0.8056496988045937, -0.5606178615155677], [0.15792630021406925, 0.10470002406598866, 0.5610140081000061, 0.8058290584093152]]",36,3600
27,8,0.9999104449437795,"[[0.10480044556411443, -0.16016567289947936, 0.8056496988045937, -0.5606178615155677], [0.15792630021406925, 0.10470002406598866, 0.5610140081000061, 0.8058290584093152]]",36,3600
27,16,0.9999104449437795,"[[0.10480044556411443, -0.16016567289947936, 0.8056496988045937, -0.5606178615155677], [0.15792630021406925, 0.10470002406598866, 0.5610140081000061, 0.8058290584093152]]",36,3600
27,32,0.9999104449437795,"[[0.10480044556411443, -0.16016567289947936, 0.8056496988045937, -0.5606178615155677], [0.15792630021406925, 0.10470002406598866, 0.5610140081000061, 0.8058290584093152]]",36,3600
28,0,0.9999082068452942,"[[0.09367192650222919, -0.1674554725982924, 0.7646562147829251, -0.6152114336356995], [-0.16477048874188466, -0.09285759242523373, -0.6156361383727064, -0.7649969272476146]]",36,3600
28,1,0.9999082068452942,"[[0.09367192650222919, -0.1674554725982924, 0.7646562147829251, -0.6152114336356995], [-0.16477048874188466, -0.09285759242523373, -0.6156361383727064, -0.7649969272476146]]",36,3600
28,2,0.9999082068452942,"[[0.09367192650222919, -0.1674554725982924, 0.7646562147829251, -0.6152114336356995], [-0.16477048874188466, -0.09285759242523373, -0.6156361383727064, -0.7649969272476146]]",36,3600
28,4,0.9999082068452942,"[[0.09367192650222919, -0.1674554725982924, 0.7646562147829251, -0.6152114336356995], [-0.16477048874188466, -0.09285759242523373, -0.6156361383727064, -0.7649969272476146]]",36,3600
28,8,0.9999082068452942,"[[0.09367192650222919, -0.1674554725982924, 0.7646562147829251, -0.6152114336356995], [-0.16477048874188466, -0.09285759242523373, -0.6156361383727064, -0.7649969272476146]]",36,3600
28,16,0.9999082068452942,"[[0.09367192650222919, -0.1674554725982924, 0.7646562147829251, -0.6152114336356995], [-0.16477048874188466, -0.09285759242523373, -0.6156361383727064, -0.7649969272476146]]",36,3600
28,32,0.9999082068452942,"[[0.09367192650222919, -0.1674554725982924, 0.7646562147829251, -0.6152114336356995], [-0.16477048874188466, -0.09285759242523373, -0.6156361383727064, -0.7649969272476146]]",36,3600
29,0,0.9999148388832865,"[[-0.10772515222142089, 0.15762316104279495, -0.8159962858946043, 0.5456191822947211], [0.1559031210311334, 0.10730600268946444, 0.5458983195126508, 0.816195236075796]]",36,3600
29,1,0.9999148388832865,"[[-0.10772515222142089, 0.15762316104279495, -0.8159962858946043, 0.5456191822947211], [0.1559031210311334, 0.10730600268946444, 0.5458983195126508, 0.816195236075796]]",36,3600
29,2,0.9999148388832865,"[[-0.10772515222142089, 0.15762316104279495, -0.8159962858946043, 0.5456191822947211], [0.1559031210311334, 0.10730600268946444, 0.5458983195126508, 0.816195236075796]]",36,3600
29,4,0.9999148388832865,"[[-0.10772515222142089, 0.15762316104279495, -0.8159962858946043, 0.5456191822947211], [0.1559031210311334, 0.10730600268946444, 0.5458983195126508, 0.816195236075796]]",36,3600
29,8,0.9999148388832865,"[[-0.10772515222142089, 0.15762316104279495, -0.8159962858946043, 0.5456191822947211], [0.1559031210311334, 0.10730600268946444, 0.5458983195126508, 0.816195236075796]]",36,3600
29,16,0.9999148388832865,"[[-0.10772515222142089, 0.15762316104279495, -0.8159962858946043, 0.5456191822947211], [0.1559031210311334, 0.10730600268946444, 0.5458983195126508, 0.816195236075796]]",36,3600
29,32,0.9999148388832865,"[[-0.10772515222142089, 0.15762316104279495, -0.8159962858946043, 0.5456191822947211], [0.1559031210311334, 0.10730600268946444, 0.5458983195126508, 0.816195236075796]]",36,3600
30,0,0.9999029389460878,"[[-0.1101696774899576, 0.15652133473519647, -0.8240198120387409, 0.5332495319286361], [-0.15435586524444897, -0.10927055033303701, -0.5335740832308897, -0.8243378624076829]]",36,3600
30,1,0.9999029389460878,"[[-0.1101696774899576, 0.15652133473519647, -0.8240198120387409, 0.5332495319286361], [-0.15435586524444897, -0.10927055033303701, -0.5335740832308897, -0.8243378624076829]]",36,3600
30,2,0.9999029389460878,"[[-0.1101696774899576, 0.15652133473519647, -0.8240198120387409, 0.5332495319286361], [-0.15435586524444897, -0.10927055033303701, -0.5335740832308897, -0.8243378624076829]]",36,3600
30,4,0.9999029389460878,"[[-0.1101696774899576, 0.15652133473519647, -0.8240198120387409, 0.5332495319286361], [-0.15435586524444897, -0.10927055033303701, -0.5335740832308897, -0.8243378624076829]]",36,3600
30,8,0.9999029389460878,"[[-0.1101696774899576, 0.15652133473519647, -0.8240198120387409, 0.5332495319286361], [-0.15435586524444897, -0.10927055033303701, -0.5335740832308897, -0.8243378624076829]]",36,3600
30,16,0.9999029389460878,"[[-0.1101696774899576, 0.15652133473519647, -0.8240198120387409, 0.5332495319286361], [-0.15435586524444897, -0.10927055033303701, -0.5335740832308897, -0.8243378624076829]]",36,3600
30,32,0.9999029389460878,"[[-0.1101696774899576, 0.15652133473519647, -0.8240198120387409, 0.5332495319286361], [-0.15435586524444897, -0.10927055033303701, -0.5335740832308897, -0.8243378624076829]]",36,3600
