seed,shots,target_demo_transitions,method,label,prediction_rmse,position_rmse,mean_state_l2,p90_position_l2,candidate_top1,candidate_regret,candidate_regret_p90,planning_success
23,0,0,raw_joint,Raw / padded joints,0.10336854879923303,0.02765612072090682,0.18968648999734486,0.05670566497985504,0.08125,0.03494462195294269,0.06721425168350832,0.09375
23,0,0,canonical_ee,Canonical EE,0.01715116481334159,0.004102423861365322,0.020913485661432637,0.007054531031950173,0.9,0.00027340097987731067,2.4609187030958217e-05,0.971875
23,0,0,learned_latent,Learned latent,0.10690140354796826,0.02868935724863068,0.19491894657605977,0.059698209326083856,0.071875,0.03576053009256517,0.0674810105895522,0.08125
23,0,0,latent_to_ee_curriculum,Latent→EE curriculum,0.01608170979993174,0.004332620612238523,0.020508671916783537,0.007851509375700309,0.903125,0.00028704949943956853,0.0,0.96875
23,1,12,raw_joint,Raw / padded joints,0.10486937219344851,0.020282792642068934,0.17323060307766994,0.04609503027216327,0.378125,0.010651317697599503,0.03097257405557098,0.425
23,1,12,canonical_ee,Canonical EE,0.01285319358766731,0.0032672379856550694,0.01843857948104172,0.006864448603626869,0.940625,0.00016326815485419988,0.0,0.984375
23,1,12,learned_latent,Learned latent,0.10462618749810015,0.027810850671951878,0.17275275210451843,0.06615897215512054,0.31875,0.014807773380372374,0.03993076841949553,0.365625
23,1,12,latent_to_ee_curriculum,Latent→EE curriculum,0.012911438373365556,0.0033650135234587195,0.018509845377607883,0.006883772373988148,0.925,0.00019374767610142943,0.0,0.975
23,2,24,raw_joint,Raw / padded joints,0.05037535470887885,0.014163254658284672,0.08639600328678158,0.03325210344883457,0.46875,0.00688818866596177,0.020414300302970943,0.525
23,2,24,canonical_ee,Canonical EE,0.011214020003763805,0.002822487552631919,0.015787946047069207,0.005598363747600908,0.925,0.00016353247718297077,0.0,0.98125
23,2,24,learned_latent,Learned latent,0.050360855551593246,0.013773915181504255,0.0863649870927421,0.032309963635009736,0.484375,0.006106950853503085,0.018859582952301293,0.55
23,2,24,latent_to_ee_curriculum,Latent→EE curriculum,0.011215451355404112,0.0030647213409803315,0.01577414209081442,0.0060312867112099185,0.921875,0.00018737820540661796,0.0,0.975
23,4,48,raw_joint,Raw / padded joints,0.025234962872652106,0.006774331834751543,0.04326999163052304,0.014603422281083378,0.71875,0.0016368978246092624,0.006521245956668291,0.809375
23,4,48,canonical_ee,Canonical EE,0.014313457584441906,0.003584030493443012,0.01831389443220809,0.0057897845770926515,0.93125,0.00015309682860511695,0.0,0.98125
23,4,48,learned_latent,Learned latent,0.025222872297696434,0.0068068977302692835,0.04323917506896777,0.014368741900177753,0.70625,0.0017475837813727354,0.00684166782956178,0.79375
23,4,48,latent_to_ee_curriculum,Latent→EE curriculum,0.014317013241641377,0.004314058478525509,0.01833160449764544,0.006438245413603392,0.91875,0.00019803266004057634,0.0,0.975
23,8,96,raw_joint,Raw / padded joints,0.023325776055392208,0.006184571919983912,0.0392569143298055,0.012879860317858611,0.8,0.0011614798123968134,0.0052029733103022375,0.8625
23,8,96,canonical_ee,Canonical EE,0.012593068821994383,0.003156338486900828,0.01655867884021235,0.005473641623972209,0.934375,0.0001261340722990874,0.0,0.984375
23,8,96,learned_latent,Learned latent,0.023313481224753657,0.006251802709720623,0.03922815178566063,0.012686392936008936,0.8,0.0011761890747320058,0.0052029733103022375,0.865625
23,8,96,latent_to_ee_curriculum,Latent→EE curriculum,0.01259858851939739,0.003750997935478342,0.016595543111398676,0.0065749472465399,0.934375,0.00013295903333881013,0.0,0.98125
23,16,192,raw_joint,Raw / padded joints,0.021044726961460387,0.005513698100375827,0.03321183595405961,0.01117104423713676,0.840625,0.0006167322726752,0.0019217944349718687,0.921875
23,16,192,canonical_ee,Canonical EE,0.006649725933470035,0.001665943713324862,0.01030206961777156,0.0034236447867678384,0.9625,4.732324016998822e-05,0.0,1.0
23,16,192,learned_latent,Learned latent,0.021034318999167457,0.005574357980313847,0.033185966160228536,0.011639344668632564,0.846875,0.0005494122618228417,0.001595067277132317,0.928125
23,16,192,latent_to_ee_curriculum,Latent→EE curriculum,0.006650182528308693,0.0018859995284243776,0.010318437596261927,0.0038377043481655406,0.953125,8.28096420906941e-05,0.0,0.99375
23,32,384,raw_joint,Raw / padded joints,0.019827233170845754,0.005164708172380928,0.032032441247013016,0.011068483041125891,0.84375,0.0006199655009885947,0.001595067277132317,0.921875
23,32,384,canonical_ee,Canonical EE,0.005911549053317826,0.001481153405236914,0.00931001687689543,0.0031816486428339905,0.965625,5.327100181125899e-05,0.0,0.996875
23,32,384,learned_latent,Learned latent,0.019820045553431337,0.005294162072769928,0.032012169218717634,0.011122286101950339,0.85,0.0006009842963570381,0.001630003758871208,0.91875
23,32,384,latent_to_ee_curriculum,Latent→EE curriculum,0.005914083581715067,0.0016379663746848366,0.009336456926115035,0.0035336142192556163,0.946875,0.00010935566347149912,0.0,0.9875
24,0,0,raw_joint,Raw / padded joints,0.10907349086017423,0.029166044825023826,0.19836735724110188,0.06008813733879791,0.109375,0.03631760749533364,0.06933927841747539,0.1375
24,0,0,canonical_ee,Canonical EE,0.014962530242049776,0.00479720295680735,0.02066244611389065,0.010914239191724448,0.91875,0.000203304576381958,0.0,0.9875
24,0,0,learned_latent,Learned latent,0.11357694607367447,0.03049943178512579,0.20601305088032051,0.06420512682162992,0.109375,0.03589899428854486,0.06897154257356783,0.146875
24,0,0,latent_to_ee_curriculum,Latent→EE curriculum,0.015408394134004303,0.004287348883123847,0.022282416077587294,0.010369811502906523,0.91875,0.0001308804303456883,0.0,0.990625
24,1,12,raw_joint,Raw / padded joints,0.05321691094959611,0.015411080454133965,0.09350671407249715,0.03212970735743585,0.48125,0.006351226076458241,0.021177533959097602,0.590625
24,1,12,canonical_ee,Canonical EE,0.01573275260323661,0.003931112254986206,0.01994720046306551,0.0064632753980762144,0.934375,0.00010740127987034982,0.0,0.99375
24,1,12,learned_latent,Learned latent,0.0531723024904577,0.014565255507221287,0.09341658339203046,0.030555183196304486,0.509375,0.005769738064636791,0.020355121702290944,0.621875
24,1,12,latent_to_ee_curriculum,Latent→EE curriculum,0.01490613963661691,0.0043273535524371185,0.01920480907068144,0.007374159120873316,0.915625,0.0001853180456723315,0.0,0.98125
24,2,24,raw_joint,Raw / padded joints,0.03185434410564623,0.008007030014588301,0.050495859307165485,0.018055370428883315,0.771875,0.0013181719730573456,0.004921157912027584,0.8625
24,2,24,canonical_ee,Canonical EE,0.01130242540217924,0.00286155577693001,0.01678668080926677,0.00577719696849193,0.93125,0.0001210008696780764,0.0,0.99375
24,2,24,learned_latent,Learned latent,0.03184309458794258,0.008486806102501741,0.05045093956605385,0.019490146578035075,0.740625,0.001638324668851773,0.0065358347683340335,0.8375
24,2,24,latent_to_ee_curriculum,Latent→EE curriculum,0.01135281020637691,0.0034603353366220438,0.016835177813434795,0.00718662782797155,0.93125,0.0001550624583993277,0.0,0.98125
24,4,48,raw_joint,Raw / padded joints,0.027550789506192486,0.007061361095214957,0.044192622151844295,0.015800708157729874,0.753125,0.0013721906942697662,0.0044880968821206435,0.85625
24,4,48,canonical_ee,Canonical EE,0.01252838743799766,0.0031389928478531724,0.016379883550623812,0.005464286561857059,0.940625,0.00011483009063294596,0.0,0.99375
24,4,48,learned_latent,Learned latent,0.027535836617867612,0.0075742949863101755,0.044151684827150164,0.01707119622465971,0.75,0.001448361179577798,0.005254269486741608,0.85
24,4,48,latent_to_ee_curriculum,Latent→EE curriculum,0.012535884548880723,0.0038714489404758135,0.016418421610759935,0.006898457328855311,0.94375,0.00010430706666845707,0.0,0.99375
24,8,96,raw_joint,Raw / padded joints,0.024091105663819876,0.006174488200103052,0.03777107411553116,0.013348829733174448,0.7875,0.0010148408391528717,0.0029626037283325274,0.903125
24,8,96,canonical_ee,Canonical EE,0.011285626664422574,0.0028261821122233053,0.013928700509744072,0.004822293924869102,0.95,0.00012535964206074557,0.0,0.9875
24,8,96,learned_latent,Learned latent,0.024079785273585255,0.006567699990927303,0.03774617900899692,0.014721962056558359,0.771875,0.001065248262324551,0.0034200122820298605,0.890625
24,8,96,latent_to_ee_curriculum,Latent→EE curriculum,0.011294740924434549,0.0032496510855512875,0.013981253522442097,0.005666811367099392,0.95625,9.77860973396003e-05,0.0,0.990625
24,16,192,raw_joint,Raw / padded joints,0.0214260748302548,0.0056356082898270776,0.035035515408769265,0.0112503814345482,0.828125,0.0007559586856900831,0.0022953479382610913,0.921875
24,16,192,canonical_ee,Canonical EE,0.009975439679853952,0.002499387051355172,0.012393859127840941,0.0045341106195631265,0.953125,0.0001038968080065495,0.0,0.99375
24,16,192,learned_latent,Learned latent,0.021419409014198285,0.005768920971388601,0.03501702168245726,0.011666589332568733,0.809375,0.0008781900738747685,0.00251952886925469,0.9125
24,16,192,latent_to_ee_curriculum,Latent→EE curriculum,0.009976108603059817,0.002457150335661205,0.012431916170536144,0.004612055732597397,0.946875,0.00011288475505710988,0.0,0.990625
24,32,384,raw_joint,Raw / padded joints,0.01938798706971632,0.00512691679535728,0.032801029445064196,0.01040301939028007,0.821875,0.0008036467193235275,0.002285792732818097,0.921875
24,32,384,canonical_ee,Canonical EE,0.00879862382666214,0.0022042996930696536,0.010363170882572565,0.003531054330099195,0.9375,8.871716797224551e-05,0.0,0.996875
24,32,384,learned_latent,Learned latent,0.019383531114580067,0.005255571987573692,0.03279053843279236,0.01082321590043578,0.821875,0.000719361433969813,0.0022953479382610913,0.928125
24,32,384,latent_to_ee_curriculum,Latent→EE curriculum,0.00879366657568437,0.002244342006402119,0.0103883067992187,0.0036361333911260557,0.953125,6.817258558664665e-05,0.0,0.996875
25,0,0,raw_joint,Raw / padded joints,0.10483187820585224,0.02801917855444421,0.1875331976902709,0.059370482950908104,0.0875,0.036438907932190165,0.0701776576894038,0.10625
25,0,0,canonical_ee,Canonical EE,0.013429271573686969,0.003408337319624715,0.019875609630564884,0.007876704172164148,0.921875,0.00024412770880438174,0.0,0.96875
25,0,0,learned_latent,Learned latent,0.1108095794628862,0.02971923371789777,0.19623136258731297,0.06494187511355005,0.09375,0.03565000097127715,0.06956053145889292,0.115625
25,0,0,latent_to_ee_curriculum,Latent→EE curriculum,0.013273108795194477,0.003540814366462607,0.019385554350023086,0.008284119322875393,0.93125,0.00021089162384120918,0.0,0.96875
25,1,12,raw_joint,Raw / padded joints,0.3257948695889926,0.07702527357957842,0.5657423576709092,0.1607511448547869,0.16875,0.028616149789328037,0.06232344435019755,0.20625
25,1,12,canonical_ee,Canonical EE,0.015097817659486637,0.0036758857225705956,0.02134451957121291,0.008711153854036311,0.909375,0.00033542729295992657,0.0,0.953125
25,1,12,learned_latent,Learned latent,0.3251352501010281,0.08344859937188019,0.5645985466929604,0.1726633567793732,0.1625,0.030313524949722205,0.06540324749028363,0.19375
25,1,12,latent_to_ee_curriculum,Latent→EE curriculum,0.01472607829924711,0.003917625747820423,0.020924732146232566,0.009143630625690239,0.9,0.0003605089347200609,8.706272714639302e-06,0.953125
25,2,24,raw_joint,Raw / padded joints,0.0398929309678986,0.010040426977283459,0.0663937670073561,0.022369675121841646,0.621875,0.003062617899170682,0.010644420950401275,0.715625
25,2,24,canonical_ee,Canonical EE,0.01232301446281648,0.003092295567137574,0.017178855649469513,0.007090073138078103,0.925,0.00018093526406453506,0.0,0.96875
25,2,24,learned_latent,Learned latent,0.03985372407329345,0.010826272471006442,0.06633501154917759,0.023913500929968395,0.609375,0.003349895824552219,0.011946056085283525,0.70625
25,2,24,latent_to_ee_curriculum,Latent→EE curriculum,0.012291444193614854,0.0032540417719721048,0.01713287580464451,0.00740119739507999,0.903125,0.00028257517134859023,0.0,0.95625
25,4,48,raw_joint,Raw / padded joints,0.027898665975875116,0.0072545460667836625,0.044963155478072045,0.016622719749686158,0.73125,0.0015650410202207384,0.00668080938673906,0.821875
25,4,48,canonical_ee,Canonical EE,0.00975015953551815,0.002448117258736792,0.01336873304804614,0.00545395131131037,0.9375,0.00014788035194451284,0.0,0.978125
25,4,48,learned_latent,Learned latent,0.02788111412190536,0.007678928455386145,0.044931872375273116,0.017639901122093047,0.709375,0.0017566227533391565,0.006814335649158039,0.80625
25,4,48,latent_to_ee_curriculum,Latent→EE curriculum,0.00974734723675389,0.0026061192977749953,0.013374947807436841,0.005588618145102724,0.915625,0.00018237381561361237,0.0,0.971875
25,8,96,raw_joint,Raw / padded joints,0.022196902503475755,0.005820263146332824,0.03681634423643655,0.012587534850665607,0.80625,0.0007827046671462074,0.0034760821067277544,0.89375
25,8,96,canonical_ee,Canonical EE,0.009242241447656578,0.002316489944712985,0.012274099959335911,0.004511166949551751,0.9375,0.00010210489963308653,0.0,0.9875
25,8,96,learned_latent,Learned latent,0.022183230565183194,0.0058813828815627005,0.0367861545108005,0.012955056953708273,0.80625,0.0007405762781053004,0.002773740564444046,0.903125
25,8,96,latent_to_ee_curriculum,Latent→EE curriculum,0.009244992104396858,0.0024942170411764316,0.012306366885278055,0.004971189525852448,0.9375,0.000116235800292113,0.0,0.984375
25,16,192,raw_joint,Raw / padded joints,0.020553040484340326,0.0053344732196793174,0.033427268592954994,0.011535715634831013,0.834375,0.000612707730877504,0.0023046980121134717,0.921875
25,16,192,canonical_ee,Canonical EE,0.0064206954233161475,0.0016084660960776094,0.009380258352584343,0.0034147145013270234,0.959375,5.6948527657879925e-05,0.0,0.99375
25,16,192,learned_latent,Learned latent,0.020541436705563104,0.005482932026052779,0.03340303528375789,0.012041547439443417,0.815625,0.0006834082685581381,0.0024484378564907797,0.909375
25,16,192,latent_to_ee_curriculum,Latent→EE curriculum,0.006424360747637341,0.0017195856294771588,0.00940352701072686,0.003810501608213004,0.953125,8.207685288463967e-05,0.0,0.9875
25,32,384,raw_joint,Raw / padded joints,0.019352380285937706,0.00503132557669653,0.03195962715291746,0.009996413444410513,0.834375,0.0006920310385798007,0.0023429313604643744,0.915625
25,32,384,canonical_ee,Canonical EE,0.006431875552974651,0.0016114665169544332,0.009257572359733781,0.0031775594788407673,0.940625,0.00011150796211747238,0.0,0.984375
25,32,384,learned_latent,Learned latent,0.01934332937957044,0.005251549699964165,0.03193890478240569,0.010457234887707592,0.8375,0.0007108017818960042,0.0023046980121134717,0.915625
25,32,384,latent_to_ee_curriculum,Latent→EE curriculum,0.00643783610209589,0.001763150851659901,0.009288237409637119,0.0033834034619180846,0.953125,7.675945651612764e-05,0.0,0.990625
26,0,0,raw_joint,Raw / padded joints,0.10999536644569574,0.0294182496652778,0.20012049285452754,0.06011986902091813,0.08125,0.03416646209597393,0.0674875804503181,0.1
26,0,0,canonical_ee,Canonical EE,0.012303698301992187,0.0029418641971475927,0.017810188434219467,0.006299652207814117,0.93125,0.00012625352667633544,0.0,0.984375
26,0,0,learned_latent,Learned latent,0.11178840358984424,0.030124639349799226,0.20313000158378852,0.06199928587012316,0.071875,0.03402893558875907,0.06714437239391634,0.096875
26,0,0,latent_to_ee_curriculum,Latent→EE curriculum,0.011015930133987955,0.0031345924749147246,0.016629596989797348,0.007004836395022292,0.909375,0.00020830273487350038,0.0,0.96875
26,1,12,raw_joint,Raw / padded joints,0.12902973349456515,0.03179868525783875,0.21866731607450446,0.07290069078241124,0.3625,0.012802784071992295,0.03580736256883971,0.409375
26,1,12,canonical_ee,Canonical EE,0.01271333211947122,0.0033324467695656297,0.01884135814149443,0.0068837130350968894,0.934375,0.00013980365874001442,0.0,0.98125
26,1,12,learned_latent,Learned latent,0.1289848527732707,0.034985233176157565,0.21858087618151045,0.08104665393291414,0.365625,0.013412349926383016,0.03709387812048184,0.415625
26,1,12,latent_to_ee_curriculum,Latent→EE curriculum,0.012801057032284045,0.0032911823261137577,0.018771761480460347,0.0066361706578741625,0.940625,0.00011637310283533876,0.0,0.9875
26,2,24,raw_joint,Raw / padded joints,0.026075482738262906,0.007136741131969703,0.04504060245998993,0.015658040249511267,0.684375,0.00211849514078412,0.007984071228172594,0.765625
26,2,24,canonical_ee,Canonical EE,0.014132801613787924,0.0036675168217949017,0.020160930167391736,0.008064585344469789,0.93125,0.00012376730517365785,0.0,0.984375
26,2,24,learned_latent,Learned latent,0.02604962261275862,0.007002253710102135,0.044965646772297085,0.01481162612701211,0.68125,0.0021934669967351205,0.008190146152504305,0.765625
26,2,24,latent_to_ee_curriculum,Latent→EE curriculum,0.014319867828423444,0.003644678738997362,0.020340501022392467,0.007742780021923035,0.925,0.0001613207251582909,0.0,0.98125
26,4,48,raw_joint,Raw / padded joints,0.024671005008569974,0.006150525955673632,0.04106661932919914,0.013461102678829539,0.753125,0.0012479521749500402,0.004604206140494365,0.846875
26,4,48,canonical_ee,Canonical EE,0.016373167389671393,0.004118705672791308,0.02348892855169388,0.008559381005083315,0.928125,0.00014977007065670854,0.0,0.978125
26,4,48,learned_latent,Learned latent,0.02464401495428459,0.006681696229668533,0.041014274170429084,0.01470738448565347,0.734375,0.0014491447147834875,0.005404469403822599,0.825
26,4,48,latent_to_ee_curriculum,Latent→EE curriculum,0.01638833209246127,0.004285138568020898,0.023513657328999824,0.008854309195381374,0.9125,0.00021844386186679922,0.0,0.965625
26,8,96,raw_joint,Raw / padded joints,0.02075417856587213,0.005377822363225135,0.03375486559482164,0.011199001979538539,0.80625,0.0007584993505927786,0.00318724575012268,0.89375
26,8,96,canonical_ee,Canonical EE,0.01127556886139228,0.0028246445076758444,0.015324786214242256,0.005096253946313135,0.953125,7.651897391209984e-05,0.0,0.990625
26,8,96,learned_latent,Learned latent,0.020742599950296477,0.005610547591905529,0.033730338852476206,0.011286522131123597,0.809375,0.000741423339899698,0.003335997290628607,0.890625
26,8,96,latent_to_ee_curriculum,Latent→EE curriculum,0.011297425770585087,0.0032910748135850064,0.01535198092199174,0.005849366895979073,0.940625,0.00013264467584937878,0.0,0.98125
26,16,192,raw_joint,Raw / padded joints,0.02026865710664898,0.005276844177929041,0.03279328814756042,0.010779497277530227,0.815625,0.000652029777040296,0.0028537920212600852,0.90625
26,16,192,canonical_ee,Canonical EE,0.006794236082347989,0.0017023875522586475,0.010092810820456396,0.0033850042849285227,0.965625,4.2630313209779954e-05,0.0,0.99375
26,16,192,learned_latent,Learned latent,0.020260003724582837,0.005523647716765398,0.0327706988252843,0.011037527351129223,0.8125,0.0007117872051167502,0.003335997290628607,0.89375
26,16,192,latent_to_ee_curriculum,Latent→EE curriculum,0.006796402898883724,0.001880469241181333,0.010106998891612769,0.0035586986914237146,0.95625,7.040576843033576e-05,0.0,0.99375
26,32,384,raw_joint,Raw / padded joints,0.01942647063218915,0.00505449771222103,0.03238672280361064,0.01029399541793584,0.821875,0.0006192283471345626,0.0029291546171573346,0.903125
26,32,384,canonical_ee,Canonical EE,0.006714762603949137,0.001682339231561028,0.009968111347273819,0.0033015126364141596,0.96875,4.507488265292443e-05,0.0,0.99375
26,32,384,learned_latent,Learned latent,0.019417538315611924,0.00526003631295978,0.03237069862768825,0.01041029607144238,0.821875,0.0006063703114904011,0.0028537920212600852,0.90625
26,32,384,latent_to_ee_curriculum,Latent→EE curriculum,0.006716828313343667,0.0017986958586201063,0.00997927868303121,0.0035750157193016976,0.95,9.028032002560401e-05,0.0,0.9875
27,0,0,raw_joint,Raw / padded joints,0.10601908679758798,0.028384623488387856,0.1928732773385765,0.05932629279653487,0.1,0.036353906413949685,0.0716065868165357,0.125
27,0,0,canonical_ee,Canonical EE,0.013749257769903612,0.0028658938272108974,0.019318147635560456,0.006713564577993656,0.946875,9.349927580274282e-05,0.0,0.990625
27,0,0,learned_latent,Learned latent,0.1090031671477346,0.029313199956054647,0.19770352485932588,0.06138620473186922,0.096875,0.036904467191068394,0.0725769485306524,0.115625
27,0,0,latent_to_ee_curriculum,Latent→EE curriculum,0.010522953018901297,0.00273915763966015,0.016301929019625298,0.006185877286801429,0.95,9.38356678454337e-05,0.0,0.990625
27,1,12,raw_joint,Raw / padded joints,0.06699398673282096,0.017069287268656988,0.11718443948064157,0.036693291862050476,0.425,0.008116775587334266,0.024854855228377635,0.5
27,1,12,canonical_ee,Canonical EE,0.0106138302327608,0.002241205962932251,0.015397578155176747,0.0050045045159839265,0.940625,0.00011782091051742248,0.0,0.990625
27,1,12,learned_latent,Learned latent,0.06695685034766981,0.01809215698127127,0.11708014933476095,0.03928762322834699,0.4375,0.008020686601424326,0.024854855228377635,0.5125
27,1,12,latent_to_ee_curriculum,Latent→EE curriculum,0.009016245031144503,0.002478128241363795,0.0137560768242239,0.005595399653651161,0.934375,0.00011970436946500987,0.0,0.990625
27,2,24,raw_joint,Raw / padded joints,0.03299907076810468,0.008304116400128757,0.05608314082025836,0.018370127428438982,0.759375,0.0014057522048871699,0.0053489623643184735,0.8125
27,2,24,canonical_ee,Canonical EE,0.009091466213332632,0.0022922953591440866,0.013884645278533602,0.005103242524778578,0.9375,0.00012956978344267207,0.0,0.9875
27,2,24,learned_latent,Learned latent,0.0329760723467145,0.008834130296348172,0.05603382021939355,0.01973604266393288,0.7625,0.0015167235731391034,0.005587896836234042,0.81875
27,2,24,latent_to_ee_curriculum,Latent→EE curriculum,0.009118436029917331,0.0024603505100702677,0.013926702781527986,0.005407043575183999,0.928125,0.00019305301672155583,0.0,0.978125
27,4,48,raw_joint,Raw / padded joints,0.022021622545416945,0.005917328636012109,0.03741594007029947,0.013733640946724074,0.803125,0.001035786205683383,0.004205089158883307,0.8625
27,4,48,canonical_ee,Canonical EE,0.010023643604732855,0.0025066669851843493,0.014767083614492643,0.004828855994338989,0.928125,0.00012775239153903898,0.0,0.990625
27,4,48,learned_latent,Learned latent,0.021998556375020094,0.005849137403519092,0.037362971045422126,0.013225334323636982,0.80625,0.0009854152996140778,0.00389550968261319,0.871875
27,4,48,latent_to_ee_curriculum,Latent→EE curriculum,0.010041742497488232,0.0029499911847369457,0.014800614750341107,0.005479878967896355,0.9375,0.0001238511843743264,0.0,0.9875
27,8,96,raw_joint,Raw / padded joints,0.021119637175142085,0.00545836145047336,0.03509739774813186,0.012151046606850662,0.828125,0.000811868718757014,0.003608876485093629,0.8875
27,8,96,canonical_ee,Canonical EE,0.009693555134139706,0.0024277844631419724,0.013385036839804338,0.004646509465607913,0.95,8.473367506876554e-05,0.0,0.99375
27,8,96,learned_latent,Learned latent,0.021100110335338592,0.005646025875721789,0.035052942532533646,0.012343220550606491,0.8125,0.0009782835056676028,0.0036097301272498875,0.878125
27,8,96,latent_to_ee_curriculum,Latent→EE curriculum,0.009702221475127086,0.002818082940969644,0.013411608363593099,0.005362844866987926,0.953125,8.365706287470971e-05,0.0,0.99375
27,16,192,raw_joint,Raw / padded joints,0.019573270291656217,0.005076018891656304,0.03400245358889117,0.010908919268432953,0.84375,0.0006873496328510971,0.00296024065892741,0.903125
27,16,192,canonical_ee,Canonical EE,0.0059073988335553275,0.0014798274762506032,0.00913403827057574,0.0033851830750497155,0.971875,2.8499661445326306e-05,0.0,1.0
27,16,192,learned_latent,Learned latent,0.019559910772895903,0.005276537074179324,0.033969924213950856,0.0113210979693258,0.834375,0.0007472715582452781,0.0026934625117580615,0.903125
27,16,192,latent_to_ee_curriculum,Latent→EE curriculum,0.005915479128742733,0.001587418959916914,0.009164066787750199,0.003597650283440941,0.971875,3.2799468055954694e-05,0.0,1.0
27,32,384,raw_joint,Raw / padded joints,0.01940875813167311,0.005042569558397532,0.03324715276287615,0.010841045677612984,0.840625,0.000675340651114076,0.002892345317905105,0.90625
27,32,384,canonical_ee,Canonical EE,0.005855484108628395,0.0014669773604940408,0.008973519784264293,0.003112504078201408,0.96875,4.620754646289589e-05,0.0,1.0
27,32,384,learned_latent,Learned latent,0.019396920674720302,0.005246518315960745,0.03322040281034544,0.010848829045275418,0.840625,0.0007030627497026119,0.0026934625117580615,0.90625
27,32,384,latent_to_ee_curriculum,Latent→EE curriculum,0.005863172223863631,0.0015780646200797964,0.009003254643395703,0.0035961656690858927,0.9625,6.119222804699392e-05,0.0,1.0
28,0,0,raw_joint,Raw / padded joints,0.107368532868233,0.028724409245119945,0.19499646828567918,0.06018718343197597,0.10625,0.03508537266346505,0.06956207119766104,0.125
28,0,0,canonical_ee,Canonical EE,0.011916132823325041,0.0025315814725802893,0.017630225449867552,0.005586570337592815,0.928125,7.240027483379557e-05,0.0,0.99375
28,0,0,learned_latent,Learned latent,0.11025793450459907,0.02964553431469531,0.19967543446789238,0.06228886397221788,0.1,0.03506560936522718,0.06931255522228913,0.11875
28,0,0,latent_to_ee_curriculum,Latent→EE curriculum,0.010276386562138808,0.0029948818474844303,0.015985437023549036,0.006835741498053408,0.9125,0.00010603091631075415,0.0,0.9875
28,1,12,raw_joint,Raw / padded joints,0.21089017648391176,0.05582029967371098,0.3440466912904688,0.13606126996144843,0.25,0.022485207622893726,0.05592507239930233,0.303125
28,1,12,canonical_ee,Canonical EE,0.00925639737708964,0.0023213125083090544,0.014488634975265615,0.005253322363040507,0.9125,0.00016867517735262707,0.0,0.978125
28,1,12,learned_latent,Learned latent,0.21075896786510767,0.05528487950439454,0.343805857917382,0.13289583986753448,0.246875,0.023306278773454932,0.054909916987003315,0.290625
28,1,12,latent_to_ee_curriculum,Latent→EE curriculum,0.009291311386359871,0.0024219600012073948,0.014561181075237926,0.00569072239253531,0.915625,0.0001555426157265883,0.0,0.978125
28,2,24,raw_joint,Raw / padded joints,0.03481106312667973,0.009000219534909369,0.056119265888968865,0.019846440886270238,0.696875,0.00199503444072117,0.007488864375968181,0.7875
28,2,24,canonical_ee,Canonical EE,0.010098369059148028,0.002507284759543766,0.014723493469865127,0.005581549898365695,0.921875,9.162208373882533e-05,0.0,0.9875
28,2,24,learned_latent,Learned latent,0.03477157046843173,0.00928958128838829,0.05604056715746719,0.021494464423702325,0.6875,0.0018721780743137823,0.006717748778818454,0.796875
28,2,24,latent_to_ee_curriculum,Latent→EE curriculum,0.010081823114494277,0.002639548457096806,0.01472598548409932,0.005800247228298684,0.921875,0.0001270145022965701,0.0,0.9875
28,4,48,raw_joint,Raw / padded joints,0.022594967022876878,0.005888122612351659,0.0383115271184333,0.012540922242833227,0.75625,0.0008950446495548586,0.0030452301460745144,0.896875
28,4,48,canonical_ee,Canonical EE,0.007511363137654707,0.00187262911074076,0.011233230912750764,0.0038734980446031506,0.896875,0.00014466366602799904,1.1179324380304582e-05,0.984375
28,4,48,learned_latent,Learned latent,0.022579109401217923,0.006186960307671196,0.038275436598472004,0.013178672623853199,0.74375,0.001001317030467235,0.003200435532053022,0.8875
28,4,48,latent_to_ee_curriculum,Latent→EE curriculum,0.0075076966133456385,0.002041020685747674,0.011264162674732911,0.004258121243794996,0.91875,0.00010116488174890444,0.0,0.990625
28,8,96,raw_joint,Raw / padded joints,0.020518588220975898,0.005426213338470984,0.03392758391279713,0.011816695353856795,0.8,0.0004599404900451741,0.001544637097762524,0.94375
28,8,96,canonical_ee,Canonical EE,0.008309653506649223,0.0020783568443026278,0.01234976032099882,0.0048258865383469405,0.91875,0.0001235764810441719,0.0,0.9875
28,8,96,learned_latent,Learned latent,0.02050702210226915,0.005514580106846633,0.03390186421821832,0.012200424866264678,0.790625,0.0005623264948765475,0.0019421504996983156,0.934375
28,8,96,latent_to_ee_curriculum,Latent→EE curriculum,0.008322414605827779,0.0022823193139824166,0.012385661901458355,0.005193611211432504,0.928125,0.00012364719104285932,0.0,0.984375
28,16,192,raw_joint,Raw / padded joints,0.020013692550047306,0.005296534778089562,0.033333060619979114,0.01073811928879456,0.80625,0.000433824220642765,0.0013277963041902806,0.953125
28,16,192,canonical_ee,Canonical EE,0.006505102349300162,0.0016298790776846097,0.009958233624743733,0.003545982530442953,0.94375,5.1354180677934294e-05,0.0,0.99375
28,16,192,learned_latent,Learned latent,0.020005953144582613,0.005408674486675734,0.033315567124501594,0.011199399698058056,0.809375,0.0004456027541253736,0.0015702708494333545,0.946875
28,16,192,latent_to_ee_curriculum,Latent→EE curriculum,0.0065094485694263925,0.0016629835750587626,0.009982082036823282,0.0036195137850823012,0.940625,5.1458651250764e-05,0.0,0.99375
28,32,384,raw_joint,Raw / padded joints,0.019716793857054438,0.005183879570247104,0.03221843039629474,0.011053496987547852,0.821875,0.00036282372945088475,0.0012577119849928192,0.959375
28,32,384,canonical_ee,Canonical EE,0.00579490583346143,0.0014518759589333245,0.008906474462639166,0.0031863316375339177,0.95,4.426728028893834e-05,0.0,0.99375
28,32,384,learned_latent,Learned latent,0.019708769236274383,0.005330745231908692,0.0322038376637163,0.011545816586613309,0.815625,0.00039654100113615897,0.0012917537151745375,0.953125
28,32,384,latent_to_ee_curriculum,Latent→EE curriculum,0.005797828361240341,0.0015123539419446145,0.008929736442799185,0.003206096198293167,0.946875,5.239680209375443e-05,0.0,0.99375
29,0,0,raw_joint,Raw / padded joints,0.10421587574526221,0.02776888145827998,0.18927390527591065,0.05642491214067187,0.11875,0.03486909002372786,0.07086811388757452,0.1375
29,0,0,canonical_ee,Canonical EE,0.013675380458821508,0.003050001064323229,0.021054418709558806,0.006203571135555921,0.91875,0.00015813595972612727,0.0,0.975
29,0,0,learned_latent,Learned latent,0.10745231127783599,0.028757818979624053,0.1940603107513714,0.059402529873184985,0.128125,0.03422903479216119,0.07102240184244639,0.14375
29,0,0,latent_to_ee_curriculum,Latent→EE curriculum,0.013379049642724926,0.003765527006825575,0.019740382315302125,0.00798570326608241,0.915625,0.00016301303698038633,0.0,0.975
29,1,12,raw_joint,Raw / padded joints,0.2586187785021532,0.06570447158350728,0.4211608327105467,0.1593638439246651,0.278125,0.018549380969499173,0.045488023491171134,0.3375
29,1,12,canonical_ee,Canonical EE,0.01254269755203237,0.0031978146174746684,0.017447342105757505,0.005948514002734816,0.934375,9.450340185954243e-05,0.0,0.990625
29,1,12,learned_latent,Learned latent,0.25862415754058043,0.07380136709722966,0.42114107256984223,0.17967854508460407,0.253125,0.019502819206640355,0.04687910320415867,0.31875
29,1,12,latent_to_ee_curriculum,Latent→EE curriculum,0.01266437055797204,0.0036492527387086645,0.01774478961833414,0.00724438028658597,0.91875,0.0001490334404399407,0.0,0.984375
29,2,24,raw_joint,Raw / padded joints,0.06968751853165382,0.018756961028572383,0.1198163894474263,0.04285594628699917,0.453125,0.007918736743787593,0.023512784413683204,0.525
29,2,24,canonical_ee,Canonical EE,0.012361445607561382,0.0030941816156766022,0.019223199664631055,0.006649176893909014,0.8875,0.0002677754212807996,0.00021055161909516558,0.965625
29,2,24,learned_latent,Learned latent,0.06969210141988687,0.019238833057676815,0.11981766632887589,0.044028519977106946,0.48125,0.007892595863173934,0.024114577306297263,0.540625
29,2,24,latent_to_ee_curriculum,Latent→EE curriculum,0.012357947565776085,0.003767815528913322,0.019267039317626435,0.00814351466178322,0.86875,0.00033896964825754357,0.0007069253490434532,0.959375
29,4,48,raw_joint,Raw / padded joints,0.026139288033435914,0.00680074058734897,0.04274499566166126,0.015089458008653264,0.75625,0.0013202360797911208,0.00513105838204342,0.840625
29,4,48,canonical_ee,Canonical EE,0.0090432824636117,0.002258209971249976,0.013993582359504845,0.004618807941512387,0.95,6.883329970571723e-05,0.0,0.99375
29,4,48,learned_latent,Learned latent,0.02612642882758609,0.007019679055824706,0.042721728673541876,0.01475476966355521,0.75625,0.0012400026259596028,0.005121279350511453,0.84375
29,4,48,latent_to_ee_curriculum,Latent→EE curriculum,0.009032586863999036,0.0023274046438141022,0.01398716029719786,0.0049651701597352325,0.934375,8.711424990635572e-05,0.0,0.996875
29,8,96,raw_joint,Raw / padded joints,0.022379657204824738,0.005729164128724864,0.037068844567204245,0.011836907374832957,0.796875,0.0008846913208788696,0.0037182019529969747,0.884375
29,8,96,canonical_ee,Canonical EE,0.007336232549059382,0.001838798001607281,0.011665205807689776,0.004229710499720311,0.94375,7.824623483297178e-05,0.0,0.990625
29,8,96,learned_latent,Learned latent,0.022363094171387477,0.0060130364054136794,0.03703678852023183,0.01204994286949221,0.7875,0.0010332946113887924,0.004341527091018733,0.86875
29,8,96,latent_to_ee_curriculum,Latent→EE curriculum,0.0073434056760474055,0.0020055922126344947,0.011693015205013282,0.004585256577319543,0.93125,0.00013371330663316814,0.0,0.984375
29,16,192,raw_joint,Raw / padded joints,0.019736867790618878,0.005173154640208043,0.03337987071302037,0.01022892453198208,0.825,0.0006485244998476658,0.0022213610761545734,0.909375
29,16,192,canonical_ee,Canonical EE,0.005601932960309169,0.0014034276104506866,0.008516338517663919,0.002935721071023423,0.959375,4.183341054418123e-05,0.0,0.996875
29,16,192,learned_latent,Learned latent,0.019728883032398125,0.0054388627704355505,0.033360914008304786,0.010794030213449182,0.8,0.0007121718949539786,0.002968067148263511,0.9
29,16,192,latent_to_ee_curriculum,Latent→EE curriculum,0.005604795282701011,0.001550926812291789,0.00854331721776017,0.00340523245096526,0.946875,7.051930177849365e-05,0.0,0.990625
29,32,384,raw_joint,Raw / padded joints,0.01882802629343216,0.004935832613159506,0.030938877107446607,0.010123079954438088,0.8375,0.0005907457208227977,0.0019646034098700187,0.915625
29,32,384,canonical_ee,Canonical EE,0.005527596723035345,0.001384927463042722,0.008359943776138325,0.003139636721749583,0.959375,3.7358601914469124e-05,0.0,0.996875
29,32,384,learned_latent,Learned latent,0.018821550991551462,0.00516168212170446,0.030923521376420224,0.010389961575185864,0.81875,0.000612331410803004,0.0019646034098700187,0.909375
29,32,384,latent_to_ee_curriculum,Latent→EE curriculum,0.005527975077394704,0.0015588760386337584,0.008382752639964703,0.003480393644812279,0.94375,8.090930973697402e-05,0.0,0.9875
30,0,0,raw_joint,Raw / padded joints,0.10416565342505613,0.027830729217280047,0.18783741362502623,0.057702865903301606,0.109375,0.03390732952607711,0.06910099716515063,0.121875
30,0,0,canonical_ee,Canonical EE,0.008098198648531445,0.002052384072650385,0.012258803360428323,0.004545619588647016,0.93125,0.00018111869743131295,0.0,0.978125
30,0,0,learned_latent,Learned latent,0.10612773452323504,0.0284662117385522,0.1904295016290259,0.05954350141192369,0.109375,0.03432312454176591,0.06910099716515063,0.121875
30,0,0,latent_to_ee_curriculum,Latent→EE curriculum,0.007974820731363002,0.0023175833488682297,0.012395749129317232,0.0052835599972863665,0.91875,0.00015426899885861455,0.0,0.984375
30,1,12,raw_joint,Raw / padded joints,0.17047872438077133,0.05169112194387759,0.2775048460870266,0.1255552707376475,0.284375,0.01765308153206727,0.04624198167401358,0.365625
30,1,12,canonical_ee,Canonical EE,0.00886497966934475,0.0021832093666560434,0.013863171610586705,0.00487394908420342,0.934375,9.449958804146327e-05,0.0,0.990625
30,1,12,learned_latent,Learned latent,0.17020028590620004,0.047827281484949954,0.27704798385694684,0.11631606475698376,0.3,0.016008590989234413,0.04382989716420142,0.3875
30,1,12,latent_to_ee_curriculum,Latent→EE curriculum,0.008747621412672605,0.0023912846266037667,0.013746207443382535,0.005388970562233775,0.915625,0.00013659405758816007,0.0,0.9875
30,2,24,raw_joint,Raw / padded joints,0.03586855720686094,0.01015987426656966,0.060534261441629135,0.023356784146076226,0.5875,0.003786325415597589,0.013206203853166242,0.684375
30,2,24,canonical_ee,Canonical EE,0.008990882588015534,0.0023128207703713814,0.013920357045361393,0.005055591828858089,0.925,0.0001315165201847562,0.0,0.9875
30,2,24,learned_latent,Learned latent,0.035851050161163744,0.009708794881405318,0.060494339471125425,0.0219945383317772,0.603125,0.0031608935982531962,0.010928684954888792,0.7
30,2,24,latent_to_ee_curriculum,Latent→EE curriculum,0.009083310523109744,0.0024339820080560982,0.01401835518014442,0.005351702290139505,0.921875,0.00014460807648264526,0.0,0.984375
30,4,48,raw_joint,Raw / padded joints,0.021358775505839856,0.0057407970765142756,0.03649138169617983,0.012460371555356089,0.784375,0.0008603297283260916,0.0026951009224317176,0.903125
30,4,48,canonical_ee,Canonical EE,0.007665606095978481,0.0019248288419415212,0.01152338261251174,0.003908641348730554,0.925,0.00012929902764833722,0.0,0.9875
30,4,48,learned_latent,Learned latent,0.021329228565247833,0.005832178778855046,0.036410962023168916,0.012381575015325256,0.7875,0.000922621788465676,0.0027108945858204236,0.903125
30,4,48,latent_to_ee_curriculum,Latent→EE curriculum,0.007683864297223526,0.0020207315712683833,0.011563593010331262,0.004235608347610532,0.91875,0.0001659767860048729,0.0,0.98125
30,8,96,raw_joint,Raw / padded joints,0.02066578390771599,0.0055480169645197065,0.035098511335122526,0.011767015631120667,0.796875,0.0008485787506096066,0.0029770695982328284,0.9
30,8,96,canonical_ee,Canonical EE,0.006196246924577406,0.0015524243291294352,0.009232843643208692,0.003451363802575142,0.940625,0.00010373374995558862,0.0,0.990625
30,8,96,learned_latent,Learned latent,0.020642114627627557,0.0056553970462641665,0.035033661300250415,0.01180731112269735,0.8,0.0008310357212326435,0.0029770695982328284,0.9
30,8,96,latent_to_ee_curriculum,Latent→EE curriculum,0.0062004282675784846,0.0016732495531597783,0.009264226218907011,0.003548603723652591,0.9375,9.850985128256309e-05,0.0,0.990625
30,16,192,raw_joint,Raw / padded joints,0.019740817171770328,0.005303666293309474,0.03342630433156902,0.010958166006501097,0.84375,0.0005482413580085259,0.0018141640488375354,0.946875
30,16,192,canonical_ee,Canonical EE,0.005940594596095123,0.0014883020604280557,0.008651521611339138,0.003269074989923292,0.93125,0.00014540202074524454,0.0,0.98125
30,16,192,learned_latent,Learned latent,0.019725141738322235,0.005371635215525083,0.03338043740892823,0.011028917151287121,0.821875,0.000603518788386008,0.0019916320318337285,0.934375
30,16,192,latent_to_ee_curriculum,Latent→EE curriculum,0.005940591695269184,0.0016360417821948334,0.00867237712800431,0.0036283756714789663,0.925,0.00014968039084791172,0.0,0.98125
30,32,384,raw_joint,Raw / padded joints,0.018944699512658793,0.005030159907647508,0.03147876887892446,0.009991263870453094,0.840625,0.000515071456990465,0.0017882488037224463,0.940625
30,32,384,canonical_ee,Canonical EE,0.005140602908804256,0.0012878599468162933,0.007895933035939504,0.0028438457670132847,0.9625,6.193150492501047e-05,0.0,0.99375
30,32,384,learned_latent,Learned latent,0.018934087122383463,0.005158672090052769,0.03144732331854142,0.010245841779259924,0.846875,0.0005198088277489583,0.0017882488037224463,0.94375
30,32,384,latent_to_ee_curriculum,Latent→EE curriculum,0.005141239905653411,0.0013872824031798002,0.00791230401539517,0.0029893570066164624,0.959375,8.246931261813761e-05,0.0,0.990625
