method,label,shots,seeds,prediction_rmse_mean,prediction_rmse_std,prediction_rmse_sem,position_rmse_mean,position_rmse_std,position_rmse_sem,mean_state_l2_mean,mean_state_l2_std,mean_state_l2_sem,p90_position_l2_mean,p90_position_l2_std,p90_position_l2_sem,candidate_top1_mean,candidate_top1_std,candidate_top1_sem,candidate_regret_mean,candidate_regret_std,candidate_regret_sem,candidate_regret_p90_mean,candidate_regret_p90_std,candidate_regret_p90_sem,planning_success_mean,planning_success_std,planning_success_sem
raw_joint,Raw / padded joints,0,8,0.10612980414338682,0.0024490442262952872,0.0008658678899195795,0.02837102964684006,0.0006700940011175271,0.00023691400611131465,0.1925860752885547,0.004833551979400618,0.001708918690925918,0.05874067607037044,0.0015643754996872805,0.0005530902620754849,0.09921875,0.014247297676100844,0.005037180400177123,0.03526041226295752,0.0010009494490522217,0.0003538890715248823,0.06941956716345343,0.001520351151759618,0.0005375253045970018,0.118359375,0.01657281518405971,0.005859375
canonical_ee,Canonical EE,0,8,0.013160704328956515,0.0026122280545322605,0.0009235620856827519,0.003218711096463723,0.000875915526024522,0.00030968290409926066,0.01869041562444035,0.002915050280486164,0.001030625910415757,0.006899306530430287,0.0018988845117135914,0.0006713570574613933,0.924609375,0.013512302182376522,0.004777320251300112,0.00016903012494174556,7.055347654368139e-05,2.494442085016156e-05,3.076148378869777e-06,8.700661514539298e-06,3.076148378869777e-06,0.98125,0.009149063183892499,0.003234682309417285
learned_latent,Learned latent,0,8,0.10948968501597224,0.0025832328063227143,0.0009133107173671732,0.02940192838629746,0.0007263336799314985,0.000256797735241871,0.19777026666688716,0.005049090795807898,0.001785123170271173,0.06168319964007285,0.0021130201119267445,0.0007470654249634793,0.09765625,0.019100153094001253,0.006752923887234751,0.03523258710392112,0.001000224091106523,0.00035363261876378673,0.06939629497205849,0.0017648088339058555,0.0006239541469763768,0.117578125,0.02177512275469745,0.007698668480508031
latent_to_ee_curriculum,Latent→EE curriculum,0,8,0.012241544102280812,0.00276860753220584,0.000978850580233451,0.003389065772447261,0.0007223524832451858,0.0002553901696548064,0.01790371710274812,0.0031562770068976113,0.00111591243744024,0.0074751448305910165,0.0015367468695320155,0.0005433220662066433,0.919921875,0.014651599361137524,0.005180122631744415,0.00016928411356189439,6.38697130445534e-05,2.2581353603121298e-05,0.0,0.0,0.0,0.979296875,0.01001359288221337,0.0035403397155272095
raw_joint,Raw / padded joints,1,8,0.16498656904078246,0.09544301153558682,0.033744200336839655,0.04185037655042161,0.023837623893967905,0.00842787275139959,0.27638047505803304,0.1612577914443913,0.05701323892474756,0.0961937812190761,0.055170632002905916,0.019505764005801163,0.328515625,0.10172120155593004,0.03596387570532086,0.015653240418396566,0.007592946868819621,0.002684512110065758,0.040348855965821315,0.014652081751577064,0.005180293182519904,0.3921875,0.11866773466279702,0.04195537994405484
canonical_ee,Canonical EE,1,8,0.012209375100136166,0.002506781940522233,0.0008862812545496218,0.0030187781485186897,0.0006809206215233217,0.0002407417944644497,0.01747104806295014,0.002676895289649497,0.0009464254059187433,0.006250360107099869,0.0012767670215222326,0.00045140530945686063,0.930078125,0.01215339780164378,0.004296874999999998,0.00015267493302444324,7.925106875149948e-05,2.8019484065233285e-05,0.0,0.0,0.0,0.9828125,0.013152607020228777,0.0046501488071427795
learned_latent,Learned latent,1,8,0.16480735681530184,0.095311063375461,0.03369754961744463,0.04447695297438205,0.02525714970694965,0.00892975091561396,0.27605297775624393,0.16102481406768326,0.056930868983280904,0.1023252798751477,0.05725475472446034,0.02024261266041921,0.32421875,0.11124987459864522,0.039332770367427536,0.016392720236483554,0.007979793476767092,0.0028212830399450936,0.04165709853953662,0.014790923699115686,0.005229381223828758,0.38828124999999997,0.13281118696829936,0.04695584546135945
latent_to_ee_curriculum,Latent→EE curriculum,1,8,0.01188303271620783,0.0025213163916656847,0.0008914199590318014,0.003230225094714205,0.0007364433475336228,0.000260372042500373,0.01715242537952009,0.0027544862676413926,0.000973857959267226,0.00674465070917901,0.0012364493771614504,0.0004371508695923723,0.9207031250000001,0.012604197412398547,0.004456256730860473,0.00017710278031860742,7.915510728421981e-05,2.7985556563110253e-05,1.0882840893299128e-06,3.078132237690431e-06,1.0882840893299128e-06,0.9796874999999999,0.011928918942756602,0.004217509738323927
raw_joint,Raw / padded joints,2,8,0.04019554026924822,0.01384585086981822,0.00489524752067306,0.010696078001538288,0.003895305161789708,0.001377198347346232,0.06760991120744697,0.02448656566754282,0.008657308315744613,0.024220560999606927,0.009240478256892073,0.0032670024184276165,0.63046875,0.12156841015746767,0.04298092360020647,0.0035616653104959296,0.002523253163386642,0.000892104711240551,0.011690095675088562,0.006935346183257177,0.002452015158028695,0.7097656250000001,0.1264915199991542,0.044721505776997864
canonical_ee,Canonical EE,2,8,0.011189303118825628,0.0017631514004163551,0.0006233681557464812,0.00283130477790378,0.0004631892030155105,0.00016376211321232997,0.01645826351644855,0.0023453588177114997,0.0008292095621597325,0.006114972543069013,0.0010588799585275694,0.00037437059956868724,0.923046875,0.015212180490247208,0.00537831799064375,0.00015121496559328666,5.4373676597508986e-05,1.9223997720071442e-05,2.6318952386895697e-05,7.444123882599927e-05,2.6318952386895697e-05,0.98203125,0.009846761160764658,0.0034813557947505043
learned_latent,Learned latent,2,8,0.04017476140272309,0.013855268382777512,0.004898577114310774,0.010895073373616646,0.003911465443880754,0.001382911869872465,0.06756287226964158,0.024508570568482255,0.00866508822308142,0.024722350333318086,0.009252614917287936,0.0032712933758610526,0.63125,0.10703491586527132,0.037842557416032464,0.003466378681565277,0.0023291821242301387,0.0008234902373308093,0.011610065979332713,0.0066239870611336064,0.0023419330847097614,0.714453125,0.11524354912028388,0.040744747535478854
latent_to_ee_curriculum,Latent→EE curriculum,2,8,0.011227636352139594,0.0017867268665666524,0.0006317033417387358,0.003090684211588542,0.0005293554440609906,0.00018715541207677127,0.016502597436835544,0.0023716538370347636,0.0008385062553971881,0.006633049963948738,0.0011090617828846375,0.0003921125537162848,0.915234375,0.020555721038453365,0.007267544869234677,0.0001987477255088927,7.390811265895044e-05,2.6130463822921587e-05,8.836566863043165e-05,0.0002499358540506464,8.836566863043165e-05,0.975390625,0.011504742325760398,0.004067540657174534
raw_joint,Raw / padded joints,4,8,0.02468375955885741,0.0024923764216568394,0.0008811881345115064,0.006448469233081351,0.0005905622727121957,0.00020879529387386636,0.041057029142026545,0.003261829898002654,0.0011532310199773505,0.01428904320261195,0.001505447218312227,0.0005322559683935003,0.7570312499999999,0.026817317665749397,0.009481353587342596,0.0012416847971756576,0.0002908065797287124,0.00010281565226991946,0.004671354621931915,0.001438088475559647,0.0005084410565072254,0.8546875,0.032902724594086205,0.011632869839995874
canonical_ee,Canonical EE,4,8,0.010901133406200858,0.0032013520954642235,0.001131848887834258,0.0027315226477426114,0.000807149739461928,0.00028537052710324214,0.01538358988522899,0.0040315599510147475,0.0014253716900613166,0.00531215084806606,0.001491391939664669,0.0005272866769719229,0.9296875,0.015580293184477812,0.005508465481809405,0.00012951571584504708,2.7862436321559356e-05,9.850858831676492e-06,1.3974155475380727e-06,3.952488039198734e-06,1.3974155475380725e-06,0.9859375000000001,0.006469364618834575,0.002287265795973126
learned_latent,Learned latent,4,8,0.02466464514510324,0.0024963047053939845,0.0008825769925459865,0.006703721618438022,0.0007148255778903651,0.00025272900674593485,0.041013513097803135,0.0032750186490097728,0.001157893947613608,0.014665946919869327,0.0018606170125904278,0.0006578274533968737,0.74921875,0.03474837804539536,0.012285406875566403,0.001318883646697471,0.0003347551510979229,0.00011835381868923431,0.004905357690035264,0.0015377715226757062,0.0005436843357997772,0.84765625,0.038554735557756986,0.013631157479872036
latent_to_ee_curriculum,Latent→EE curriculum,4,8,0.01090680842397421,0.0032043990600063967,0.0011329261524791608,0.00305198917129554,0.0009713588767014179,0.00034342722434066,0.015406770247180648,0.00403098605674511,0.001425168787796444,0.0058398011002474895,0.0015398937495127568,0.0005444346562936246,0.9249999999999999,0.011692679333668568,0.004133986423538423,0.00014765806327798805,4.98028025600834e-05,1.760794970616486e-05,0.0,0.0,0.0,0.9828125,0.011205268212509943,0.003961660569039922
raw_joint,Raw / padded joints,8,8,0.021881453662152335,0.0013364511936302319,0.00047250685087039625,0.00571486268897923,0.00032375942779758025,0.0001144662434343727,0.03609894197998133,0.0019434003538045656,0.000687095784367772,0.012198361480987286,0.0006972199111693068,0.00024650446358304954,0.802734375,0.011862952064997509,0.004194186925025347,0.000840325493697417,0.00020394339602701188,7.210487915445685e-05,0.0033347112536963944,0.0010159516048259389,0.0003591931345648885,0.8960937499999999,0.022948773504419404,0.008113616682444565
canonical_ee,Canonical EE,8,8,0.009491524238736442,0.0021720664682084705,0.000767941464429062,0.002377627336211785,0.0005443909040584099,0.0001924712499379884,0.013089889016904527,0.0022658271530708735,0.000801090872466512,0.004632103343869563,0.0006057163239153254,0.00021415306005795695,0.9410156249999999,0.011135015054675823,0.003936822326887785,0.00010255096610081465,2.106421904426804e-05,7.447326063300373e-06,0.0,0.0,0.0,0.9890625000000001,0.0028931878117892133,0.0010228963604812108
learned_latent,Learned latent,8,8,0.021866429781305173,0.0013382885917636218,0.00047315646921032605,0.005892559076045303,0.00036624230134739834,0.0001294862074200562,0.03606451009114606,0.0019462067806403605,0.0006880880060910192,0.012506354185807486,0.0010314922913150306,0.0003646875969652539,0.797265625,0.0134086588328747,0.004740676793671299,0.0008910471610283927,0.00020569876564734057,7.272549603546848e-05,0.0034504000954505643,0.0009900753506115328,0.00035004449715153173,0.89140625,0.02208129763752896,0.007806917648447609
latent_to_ee_curriculum,Latent→EE curriculum,8,8,0.00950052716792433,0.002173995189368664,0.0007686233703347574,0.002695648112067175,0.0007094360857002806,0.0002508235335085545,0.01312370701626029,0.0022675458801984616,0.0008016985342699754,0.005219078926857922,0.0009032552829215816,0.0003193489678482119,0.93984375,0.009987436304105859,0.003531091968650981,0.00011489412733165031,1.9312778559153844e-05,6.828098341365921e-06,0.0,0.0,0.0,0.986328125,0.004706064429086623,0.0016638450352539746
raw_joint,Raw / padded joints,16,8,0.020294643398349653,0.0006684049707224682,0.00023631684368832648,0.00532624979888433,0.00017760096259758905,6.27914224990068e-05,0.033576199669600494,0.0006760512378552389,0.00023902020735849948,0.01094634595996961,0.00039237633260244325,0.0001387259827801479,0.8296874999999999,0.013672672170637086,0.004834019604399038,0.0006194210222041422,9.616369079916117e-05,3.3998998934006635e-05,0.0022123993118395397,0.0005360831660331406,0.00018953402099099377,0.923046875,0.01829336061008787,0.0064676796690420054
canonical_ee,Canonical EE,16,8,0.006724390732280988,0.0013764246798843695,0.00048663961246938025,0.0016847025797287808,0.0003449338735377671,0.00012195254051974905,0.009803641242871971,0.0012350434665363572,0.0004366538051239995,0.003486679482378237,0.00046001978570163146,0.000162641554974803,0.955859375,0.012985816008657843,0.004591179279481393,6.47360203071105e-05,3.94783123634052e-05,1.3957691190982266e-05,0.0,0.0,0.0,0.994140625,0.005890912151962799,0.0020827519650135663
learned_latent,Learned latent,16,8,0.02028438214146382,0.000669869199104611,0.000236834526597436,0.005480696030167039,0.00014842424217362965,5.247589406672394e-05,0.03355044558842668,0.0006771136976442772,0.000239395843619283,0.011341056727986763,0.0004131583371261789,0.0001460735309428394,0.81875,0.01521791120451725,0.005380344104104444,0.0006664203506353922,0.00013214234122486328,4.6719372780983746e-05,0.002390307979349381,0.000632898649332413,0.000223763463373378,0.916015625,0.01855835842445969,0.0065613705448129694
latent_to_ee_curriculum,Latent→EE curriculum,16,8,0.006727171181753612,0.0013754319260384762,0.0004862886209811402,0.0017975719830257966,0.000293992477918296,0.00010394203737693171,0.009827840354934458,0.0012380484996801003,0.000437716244780815,0.0037587165714208907,0.00037117096054949437,0.00013122875159203597,0.94921875,0.0134411332297541,0.004752158226795483,8.157935379948794e-05,3.616124256216949e-05,1.2784929915920823e-05,0.0,0.0,0.0,0.99140625,0.005476716136779163,0.0019363115594751687
raw_joint,Raw / padded joints,32,8,0.019361543619188428,0.0003398943503955546,0.00012017080002584656,0.005071236238263428,8.215149026541284e-05,2.9044937925627032e-05,0.03213288122426841,0.0007224354907959122,0.00025541951725581056,0.010471349722975542,0.0004544385934029694,0.00016066830551405794,0.8328125,0.009449111825230661,0.0033407655239052975,0.0006098566455505887,0.00013047173604555,4.6128724655494854e-05,0.0021319819380078136,0.0005952895468834945,0.00021046663768539307,0.923046875,0.018595906987733314,0.006574645966670265
canonical_ee,Canonical EE,32,8,0.006271925076354147,0.0011320431381002722,0.00040023768977320086,0.0015713624470135514,0.0002835933582199781,0.00010026539334840611,0.00912934281568211,0.0007984069824453188,0.00028227949571688684,0.003184261661585788,0.00019164419981531727,6.775645663224026e-05,0.956640625,0.012437062537173768,0.004397165629038369,6.10419935181519e-05,2.5887703371559714e-05,9.15268530168786e-06,0.0,0.0,0.0,0.99453125,0.00465014880714277,0.0016440758775285937
learned_latent,Learned latent,32,8,0.01935322154851542,0.00034011528362980746,0.00012024891171991139,0.005244867229111779,5.9216855142082596e-05,2.0936319915754038e-05,0.03211342452882841,0.0007229422784476844,0.0002555986937484054,0.010730435243483825,0.000442218407715354,0.00015634781743052213,0.8316406249999999,0.013615156585191574,0.0048136847741528195,0.0006086577266379987,0.0001099131274159505,3.886015886861981e-05,0.002102738771378865,0.0005331954638890428,0.00018851306410692454,0.92265625,0.017657928965684015,0.006243020656672762
latent_to_ee_curriculum,Latent→EE curriculum,32,8,0.006274078767623885,0.001129880911694595,0.00039947322729624337,0.0016850915119006166,0.00026183275383103214,9.25718578853354e-05,0.009152540944944602,0.0007987079812095397,0.00028238591485054153,0.003425022413801157,0.00022382364732624307,7.913360940714636e-05,0.951953125,0.006455872707133739,0.0022824956848457104,7.769195976196718e-05,1.771926144472357e-05,6.264704962590689e-06,0.0,0.0,0.0,0.9917968749999999,0.004706064429086589,0.0016638450352539627
