method,safe_set,seed,interactions,chain_success,catch_success,control_error,prediction_error,transition_margin,p10_transition_margin,unsafe_command_rate,raw_unsafe_proposal_rate,violation_rate,filter_intervention_rate,mean_confidence,mean_correction_norm
global_replacement,0,41,0,0.0,0.24444444444444444,0.49189047298745264,0.49189047298745264,-0.045508308824956226,-0.13541253663808722,0.0,0.0,0.011111111111111112,0.0,0.0,0.0
global_replacement,0,41,20,0.5555555555555556,0.8888888888888888,0.1864282896766984,0.08879801135174138,0.2978968004164231,-0.033973830444736265,0.1111111111111111,0.1111111111111111,0.06666666666666667,0.0,1.0,0.4660175211800715
global_replacement,0,41,40,1.0,1.0,0.0644915557779369,0.06222549005513279,0.42740821793338535,0.32112943774735075,0.005555555555555556,0.005555555555555556,0.0,0.0,1.0,0.4586862292199824
global_replacement,0,41,60,1.0,1.0,0.06935561341043567,0.06640491519848808,0.422529789825613,0.318121077705943,0.0,0.0,0.0,0.0,1.0,0.4581528033054217
global_replacement,0,41,80,1.0,1.0,0.05949287725976268,0.05968297430257867,0.4327086240568723,0.3436519216009194,0.0,0.0,0.0,0.0,1.0,0.4570369154949096
global_replacement,0,41,100,1.0,1.0,0.04723064837317608,0.047348439327884705,0.4458291462403382,0.38563549384018925,0.0,0.0,0.0,0.0,1.0,0.44652326998849434
global_replacement,0,41,120,1.0,1.0,0.04190344754894633,0.04239748620995931,0.45220261073140444,0.40861192473374897,0.0,0.0,0.0,0.0,1.0,0.4477975637137232
global_replacement,0,41,140,1.0,1.0,0.03954893774554287,0.03945906398704652,0.45537472748761076,0.4071838579966295,0.0,0.0,0.0,0.0,1.0,0.4451795206566695
global_replacement,0,41,160,1.0,1.0,0.048612591980156064,0.043398158337912315,0.4451157892225655,0.3668811388285297,0.005555555555555556,0.005555555555555556,0.0,0.0,1.0,0.44001590003640134
global_replacement,0,41,180,1.0,1.0,0.0451279836863023,0.040987614670992586,0.44920235890168103,0.4013490297763113,0.005555555555555556,0.005555555555555556,0.0,0.0,1.0,0.4350092596965257
global_replacement,0,41,200,1.0,1.0,0.036902848098046774,0.0339050366669574,0.45812228387811127,0.4226879177674926,0.0,0.0,0.0,0.0,1.0,0.43288316728630516
global_replacement,0,41,220,1.0,1.0,0.042500225039994836,0.034743316788290075,0.452204094430684,0.4122644964181228,0.005555555555555556,0.005555555555555556,0.0,0.0,1.0,0.4317555042845083
global_replacement,0,41,240,1.0,1.0,0.03873553165199161,0.03182811853296453,0.45626683634386034,0.41826047161786517,0.005555555555555556,0.005555555555555556,0.0,0.0,1.0,0.4318771803843401
global_replacement,0,42,0,0.0,0.25555555555555554,0.4930903064253122,0.4930903064253122,-0.04675568500823546,-0.1369111334196786,0.0,0.0,0.005555555555555556,0.0,0.0,0.0
global_replacement,0,42,20,1.0,1.0,0.05611315956617015,0.054100776086325,0.43769308082818437,0.3857387702753016,0.0,0.0,0.0,0.0,1.0,0.45418290236332026
global_replacement,0,42,40,1.0,1.0,0.055121110927332004,0.05020018056989902,0.437936375107343,0.36394916404813094,0.0,0.0,0.0,0.0,1.0,0.4455021474013705
global_replacement,0,42,60,1.0,1.0,0.04075332460798957,0.03392799949207206,0.45420577091280795,0.4213882335022918,0.0,0.0,0.0,0.0,1.0,0.4428757245976573
global_replacement,0,42,80,1.0,1.0,0.05067002425546972,0.03806419361933733,0.44354714347353713,0.3805203862215571,0.011111111111111112,0.011111111111111112,0.0,0.0,1.0,0.4288550962199788
global_replacement,0,42,100,1.0,1.0,0.040632043893604836,0.03280858753382153,0.4539524779716959,0.40556579409626514,0.0,0.0,0.0,0.0,1.0,0.42345930259793435
global_replacement,0,42,120,1.0,1.0,0.04338583894482549,0.03177623179145829,0.45121371050787534,0.4012749643244535,0.011111111111111112,0.011111111111111112,0.0,0.0,1.0,0.43374557539658587
global_replacement,0,42,140,1.0,1.0,0.03951445146167829,0.030400115196035363,0.4556281695709969,0.4330212231978557,0.022222222222222223,0.022222222222222223,0.0,0.0,1.0,0.4324992241799279
global_replacement,0,42,160,1.0,1.0,0.04090320099276651,0.030195515964056164,0.4541402674457779,0.397496871650306,0.005555555555555556,0.005555555555555556,0.0,0.0,1.0,0.42316028370733244
global_replacement,0,42,180,1.0,1.0,0.05072698511639696,0.03198529489359377,0.44342311197289647,0.3809294795656726,0.027777777777777776,0.027777777777777776,0.0,0.0,1.0,0.42889829564048765
global_replacement,0,42,200,1.0,1.0,0.04435052269976424,0.028758676583069364,0.4504380625712942,0.3933405553668052,0.011111111111111112,0.011111111111111112,0.0,0.0,1.0,0.43137210780516505
global_replacement,0,42,220,0.9722222222222222,0.9944444444444445,0.04521496488968338,0.027388142824117247,0.4494447969447191,0.4096398951308074,0.011111111111111112,0.011111111111111112,0.0,0.0,1.0,0.4330776884340758
global_replacement,0,42,240,0.9722222222222222,0.9944444444444445,0.052687843648647675,0.027614956483768906,0.4413620210007369,0.36365690155244623,0.03333333333333333,0.03333333333333333,0.005555555555555556,0.0,1.0,0.42652624069321393
global_replacement,0,43,0,0.0,0.3055555555555556,0.4821265347623354,0.4821265347623354,-0.03461580529066658,-0.13393737802025873,0.0,0.0,0.005555555555555556,0.0,0.0,0.0
global_replacement,0,43,20,1.0,1.0,0.053617973251935916,0.04915322737427989,0.43992883525524495,0.36068186505699307,0.005555555555555556,0.005555555555555556,0.0,0.0,1.0,0.45433419893122895
global_replacement,0,43,40,0.9166666666666666,0.9666666666666667,0.10483861324496842,0.11988961592395116,0.3817235567495113,0.3303352459372071,0.027777777777777776,0.027777777777777776,0.022222222222222223,0.0,1.0,0.47588681530197996
global_replacement,0,43,60,0.9722222222222222,0.9944444444444445,0.0584537394476264,0.04525845950165074,0.43450087701531453,0.3732428059293455,0.005555555555555556,0.005555555555555556,0.0,0.0,1.0,0.4366251569810874
global_replacement,0,43,80,0.9722222222222222,0.9944444444444445,0.05126933165321764,0.0406802668173502,0.442489815993036,0.37024653837861266,0.005555555555555556,0.005555555555555556,0.005555555555555556,0.0,1.0,0.43829515769776545
global_replacement,0,43,100,1.0,1.0,0.04690602608339504,0.040319586351716716,0.44688120489401767,0.4043426352571177,0.005555555555555556,0.005555555555555556,0.0,0.0,1.0,0.44771177594428735
global_replacement,0,43,120,1.0,1.0,0.05285972888790707,0.04048170122069966,0.4407106594049259,0.3765850573764658,0.005555555555555556,0.005555555555555556,0.0,0.0,1.0,0.44592373956179154
global_replacement,0,43,140,1.0,1.0,0.061808769720911844,0.039272312427763655,0.43095019663576234,0.3794107643202362,0.03333333333333333,0.03333333333333333,0.0,0.0,1.0,0.4370958382616965
global_replacement,0,43,160,1.0,1.0,0.05888972376831087,0.03378497897310303,0.43439568973703807,0.35779980228304176,0.016666666666666666,0.016666666666666666,0.0,0.0,1.0,0.43201199005997687
global_replacement,0,43,180,1.0,1.0,0.05470477312857585,0.0387851197594093,0.4388255493150046,0.396618776641263,0.016666666666666666,0.016666666666666666,0.0,0.0,1.0,0.4361064312500168
global_replacement,0,43,200,1.0,1.0,0.05013058469399893,0.03950403423963435,0.4434830575162259,0.39579606571674214,0.011111111111111112,0.011111111111111112,0.0,0.0,1.0,0.4401730299846583
global_replacement,0,43,220,1.0,1.0,0.046536056099870195,0.03500243413632471,0.44736030240399094,0.4027429226522877,0.005555555555555556,0.005555555555555556,0.0,0.0,1.0,0.4467761205717725
global_replacement,0,43,240,1.0,1.0,0.04932660419993347,0.03538179779150699,0.44481945336486006,0.3911306385292412,0.011111111111111112,0.011111111111111112,0.0,0.0,1.0,0.4419087894896904
global_replacement,0,44,0,0.0,0.34444444444444444,0.4722013984574439,0.4722013984574439,-0.023449877669328135,-0.13465593523117037,0.0,0.0,0.005555555555555556,0.0,0.0,0.0
global_replacement,0,44,20,1.0,1.0,0.08892619719835268,0.08257434159304111,0.40149449255414393,0.3371026330243187,0.0,0.0,0.0,0.0,1.0,0.394476337342751
global_replacement,0,44,40,1.0,1.0,0.05301103129477323,0.047352718798340694,0.4404242161710643,0.384960194110415,0.005555555555555556,0.005555555555555556,0.0,0.0,1.0,0.42742446034931564
global_replacement,0,44,60,1.0,1.0,0.04967349283305616,0.04449361569148809,0.44385351825794417,0.3963375468140203,0.0,0.0,0.0,0.0,1.0,0.4278051846846511
global_replacement,0,44,80,1.0,1.0,0.046101154746611445,0.038018729497345354,0.4480577212228145,0.3975553159595379,0.005555555555555556,0.005555555555555556,0.0,0.0,1.0,0.41943406314406767
global_replacement,0,44,100,1.0,1.0,0.04649204869413557,0.04280107847950571,0.44707079294603136,0.3899715215880967,0.0,0.0,0.0,0.0,1.0,0.4290942406717011
global_replacement,0,44,120,1.0,1.0,0.04252842692834446,0.03712906416305078,0.4519122515338037,0.4026079573264401,0.0,0.0,0.0,0.0,1.0,0.4267394995777222
global_replacement,0,44,140,1.0,1.0,0.03969745865768047,0.03558032219096738,0.4552481373805577,0.4253336470052233,0.0,0.0,0.0,0.0,1.0,0.43443527052088554
global_replacement,0,44,160,1.0,1.0,0.042373996548458595,0.03563449012354743,0.45225718226575634,0.41982008903016876,0.005555555555555556,0.005555555555555556,0.0,0.0,1.0,0.42545799646616533
global_replacement,0,44,180,0.9722222222222222,0.9944444444444445,0.04858193003673648,0.04401822072613979,0.44525095597838393,0.3981925340600827,0.011111111111111112,0.011111111111111112,0.005555555555555556,0.0,1.0,0.4325883620113927
global_replacement,0,44,200,1.0,1.0,0.03997500630468035,0.031960888602263614,0.4552911435168108,0.41018622524119613,0.0,0.0,0.0,0.0,1.0,0.42873717668436556
global_replacement,0,44,220,0.9722222222222222,0.9944444444444445,0.04417533168948402,0.0335405577663503,0.45024170845449213,0.39875596352908743,0.005555555555555556,0.005555555555555556,0.0,0.0,1.0,0.42970620832566364
global_replacement,0,44,240,1.0,1.0,0.043705685617443125,0.03231243606435228,0.45108641324768556,0.4070509977344934,0.011111111111111112,0.011111111111111112,0.0,0.0,1.0,0.4274292485322068
global_replacement,0,45,0,0.0,0.3,0.4833590958797648,0.4833590958797648,-0.03623141613602919,-0.1317682148026554,0.0,0.0,0.011111111111111112,0.0,0.0,0.0
global_replacement,0,45,20,0.9166666666666666,0.9777777777777777,0.08501794153273058,0.045435114748447684,0.4064753267523296,0.30415792553151993,0.07222222222222222,0.07222222222222222,0.011111111111111112,0.0,1.0,0.42555518511435914
global_replacement,0,45,40,0.9722222222222222,0.9944444444444445,0.0649383838608305,0.032744931446535744,0.42841054558985564,0.3440305073880169,0.027777777777777776,0.027777777777777776,0.005555555555555556,0.0,1.0,0.4345932000741057
global_replacement,0,45,60,0.9722222222222222,0.9944444444444445,0.06910808932577264,0.03164721156940826,0.4242699469752836,0.3509803394107667,0.016666666666666666,0.016666666666666666,0.0,0.0,1.0,0.4363886002674953
global_replacement,0,45,80,0.8888888888888888,0.9777777777777777,0.07886877813449629,0.03604845064518378,0.4135592640330805,0.35520902001941435,0.06111111111111111,0.06111111111111111,0.016666666666666666,0.0,1.0,0.4345641496576789
global_replacement,0,45,100,0.9722222222222222,0.9944444444444445,0.06189565803496598,0.033808100593638625,0.43170993273727487,0.3796386613954005,0.027777777777777776,0.027777777777777776,0.0,0.0,1.0,0.4298610879868176
global_replacement,0,45,120,0.9444444444444444,0.9888888888888889,0.06554310156104674,0.029289898732407914,0.427637265134505,0.37478124587058337,0.03333333333333333,0.03333333333333333,0.005555555555555556,0.0,1.0,0.43546805113715165
global_replacement,0,45,140,0.9722222222222222,0.9944444444444445,0.0715704536289443,0.031849069016241856,0.4214020721363672,0.3436225964290014,0.06111111111111111,0.06111111111111111,0.0,0.0,1.0,0.42813592266498846
global_replacement,0,45,160,0.9722222222222222,0.9944444444444445,0.05706417837604891,0.03424771594863147,0.43705207232263366,0.3897525544653278,0.022222222222222223,0.022222222222222223,0.0,0.0,1.0,0.43685861548328364
global_replacement,0,45,180,1.0,1.0,0.04469276585498923,0.028177623980182274,0.4505922372789573,0.4192332077194611,0.011111111111111112,0.011111111111111112,0.0,0.0,1.0,0.44194784959320826
global_replacement,0,45,200,1.0,1.0,0.05565817384603308,0.03193718147312847,0.43881066868069046,0.38443530748119975,0.022222222222222223,0.022222222222222223,0.0,0.0,1.0,0.44118801693815557
global_replacement,0,45,220,1.0,1.0,0.05169128171075648,0.03084702137356177,0.44314011985070434,0.40222903224767603,0.022222222222222223,0.022222222222222223,0.0,0.0,1.0,0.43583827402681913
global_replacement,0,45,240,1.0,1.0,0.04656237596165496,0.033447414015259955,0.4484265574184682,0.4070241163037713,0.0,0.0,0.0,0.0,1.0,0.4402112564595598
global_replacement,1,41,0,0.0,0.24444444444444444,0.49189047298745264,0.49189047298745264,-0.045508308824956226,-0.13541253663808722,0.0,0.0,0.011111111111111112,0.0,0.0,0.0
global_replacement,1,41,20,1.0,1.0,0.07969538948586881,0.08291342966337618,0.4110707848306159,0.31405266464452014,0.0,0.0,0.0,0.0,1.0,0.4475717574607445
global_replacement,1,41,40,1.0,1.0,0.05961625029965592,0.055376766903345774,0.4335931923816235,0.37862892466671094,0.0,0.005555555555555556,0.0,0.005555555555555556,1.0,0.438359137563135
global_replacement,1,41,60,1.0,1.0,0.04870429356769846,0.04910965016746754,0.4454215878196564,0.39870940983480774,0.0,0.0,0.0,0.0,1.0,0.4273490497914641
global_replacement,1,41,80,1.0,1.0,0.04714568439504233,0.042948812080994735,0.44722062125615797,0.4028077743040703,0.0,0.0,0.0,0.0,1.0,0.42530869787556563
global_replacement,1,41,100,1.0,1.0,0.04592621318258991,0.039784371524537024,0.44818122717706593,0.40647689376507434,0.0,0.011111111111111112,0.0,0.011111111111111112,1.0,0.4285479570180822
global_replacement,1,41,120,1.0,1.0,0.04440726554982791,0.04003820674636068,0.4499923593838749,0.42238900469177315,0.0,0.0,0.0,0.0,1.0,0.4325196184803316
global_replacement,1,41,140,1.0,1.0,0.04104866253449828,0.033873986851836034,0.45368130242470356,0.42473033866908994,0.0,0.005555555555555556,0.0,0.005555555555555556,1.0,0.42985357440430444
global_replacement,1,41,160,1.0,1.0,0.049680543265631066,0.03395965673011027,0.44406320733674,0.3799495189696307,0.0,0.005555555555555556,0.0,0.005555555555555556,1.0,0.42210770082142723
global_replacement,1,41,180,1.0,1.0,0.04667841192678428,0.0383216189943902,0.44777321648520413,0.40781958128773194,0.0,0.005555555555555556,0.0,0.005555555555555556,1.0,0.4264347165196497
global_replacement,1,41,200,1.0,1.0,0.04037869491061728,0.03513171060363387,0.4542036124471685,0.4258241680736049,0.0,0.0,0.0,0.0,1.0,0.4284266379756996
global_replacement,1,41,220,1.0,1.0,0.04637704940002286,0.0374900887764015,0.44776218727608524,0.4163348710435899,0.0,0.005555555555555556,0.0,0.005555555555555556,1.0,0.42602223375943016
global_replacement,1,41,240,1.0,1.0,0.04102039920334587,0.03132728114805248,0.4534380514043547,0.42248733874820055,0.0,0.0,0.0,0.0,1.0,0.4263480747759428
global_replacement,1,42,0,0.0,0.25555555555555554,0.4930903064253122,0.4930903064253122,-0.04675568500823546,-0.1369111334196786,0.0,0.0,0.005555555555555556,0.0,0.0,0.0
global_replacement,1,42,20,1.0,1.0,0.05623017074891664,0.05397030382038993,0.4361844460705923,0.38925896963050527,0.0,0.0,0.0,0.0,1.0,0.44471278464152797
global_replacement,1,42,40,1.0,1.0,0.0511249412969612,0.04546953395089021,0.4421415289884815,0.4079831313663343,0.0,0.011111111111111112,0.0,0.011111111111111112,1.0,0.41371017690500306
global_replacement,1,42,60,1.0,1.0,0.0420038220148265,0.03643607665071819,0.45268004254723926,0.4227134668119805,0.0,0.005555555555555556,0.0,0.005555555555555556,1.0,0.4311557383619527
global_replacement,1,42,80,1.0,1.0,0.051269303876393266,0.035925212085977785,0.44293938420554674,0.37197576067491617,0.0,0.016666666666666666,0.0,0.016666666666666666,1.0,0.42704765666229416
global_replacement,1,42,100,1.0,1.0,0.04334745194692776,0.03423691133247045,0.45139069685888134,0.39748666469770993,0.0,0.0,0.0,0.0,1.0,0.42827702756850766
global_replacement,1,42,120,0.9722222222222222,0.9944444444444445,0.045617460579272594,0.03537313484642764,0.4489597526610389,0.3970085547006265,0.0,0.011111111111111112,0.0,0.011111111111111112,1.0,0.4364414901164619
global_replacement,1,42,140,1.0,1.0,0.04175559026818972,0.0296519254908826,0.45317775049262854,0.42932756821995277,0.0,0.022222222222222223,0.0,0.022222222222222223,1.0,0.4362152241939594
global_replacement,1,42,160,1.0,1.0,0.04777763540149622,0.03293069518545033,0.44689796667237547,0.3913334873032556,0.0,0.016666666666666666,0.0,0.016666666666666666,1.0,0.4277665506942248
global_replacement,1,42,180,1.0,1.0,0.056048285289518336,0.03157463871417058,0.43774076940296913,0.3509627099754584,0.0,0.03333333333333333,0.0,0.03333333333333333,1.0,0.429407008282515
global_replacement,1,42,200,1.0,1.0,0.04660559374967228,0.029052598006257573,0.44820606703078325,0.38484191635301035,0.0,0.016666666666666666,0.0,0.016666666666666666,1.0,0.4341177438880892
global_replacement,1,42,220,1.0,1.0,0.04920158237119468,0.029010972982527975,0.4453004670499181,0.39706491031074753,0.0,0.027777777777777776,0.0,0.027777777777777776,1.0,0.439190699061023
global_replacement,1,42,240,1.0,1.0,0.054525951426440754,0.028839844846626574,0.43958941788076145,0.3354004671182214,0.0,0.06111111111111111,0.0,0.06111111111111111,1.0,0.4301202936410034
global_replacement,1,43,0,0.0,0.3055555555555556,0.4821265347623354,0.4821265347623354,-0.03461580529066658,-0.13393737802025873,0.0,0.0,0.005555555555555556,0.0,0.0,0.0
global_replacement,1,43,20,1.0,1.0,0.058091446822833265,0.041391905201966006,0.4350708089474583,0.3678934932122805,0.0,0.005555555555555556,0.0,0.005555555555555556,1.0,0.44294234485655487
global_replacement,1,43,40,1.0,1.0,0.055107468683835224,0.03178631610083789,0.4389845942952964,0.3659693109369523,0.0,0.022222222222222223,0.0,0.022222222222222223,1.0,0.43475974844411314
global_replacement,1,43,60,1.0,1.0,0.058099491561457876,0.028240873057833578,0.43614834270096686,0.35025920447057346,0.0,0.011111111111111112,0.0,0.011111111111111112,1.0,0.440236725196176
global_replacement,1,43,80,1.0,1.0,0.06402862447954158,0.029816905300059718,0.4299480853436548,0.3490733925278808,0.0,0.022222222222222223,0.0,0.022222222222222223,1.0,0.44346241324493213
global_replacement,1,43,100,1.0,1.0,0.04523048970979278,0.027407144303233617,0.4499315400630143,0.4009052179183889,0.0,0.011111111111111112,0.0,0.011111111111111112,1.0,0.43957199501891164
global_replacement,1,43,120,1.0,1.0,0.06318072249027666,0.02910822751805223,0.4307289498032565,0.3272928495698605,0.0,0.03333333333333333,0.0,0.03333333333333333,1.0,0.4371374479636409
global_replacement,1,43,140,0.9722222222222222,0.9944444444444445,0.07613842830143758,0.035554504966527095,0.41662552225826005,0.26129972663102097,0.0,0.07222222222222222,0.0,0.07222222222222222,1.0,0.431129756675107
global_replacement,1,43,160,0.9722222222222222,0.9944444444444445,0.08372914595568141,0.036011439431392435,0.40850796384887583,0.2561705416579317,0.0,0.06111111111111111,0.005555555555555556,0.06111111111111111,1.0,0.42509100110396486
global_replacement,1,43,180,0.9722222222222222,0.9944444444444445,0.07464259206703966,0.031773509898453074,0.41823462600491457,0.29487706467055347,0.0,0.05555555555555555,0.005555555555555556,0.05555555555555555,1.0,0.4294025157590516
global_replacement,1,43,200,1.0,1.0,0.0705632989747888,0.027367255353704104,0.42307252432179615,0.324444487485003,0.0,0.06666666666666667,0.0,0.06666666666666667,1.0,0.4224858335119206
global_replacement,1,43,220,1.0,1.0,0.0700345974130491,0.02629839360852167,0.4236156443817656,0.3143812847155575,0.0,0.05,0.0,0.05,1.0,0.4341632919932736
global_replacement,1,43,240,1.0,1.0,0.07406199162992703,0.029579192735300932,0.41896771665496246,0.2888666968977897,0.0,0.05555555555555555,0.0,0.05555555555555555,1.0,0.42547691192974085
global_replacement,1,44,0,0.0,0.34444444444444444,0.4722013984574439,0.4722013984574439,-0.023449877669328135,-0.13465593523117037,0.0,0.0,0.005555555555555556,0.0,0.0,0.0
global_replacement,1,44,20,0.9444444444444444,0.9888888888888889,0.07771865203834148,0.07867931395766355,0.4129940374507285,0.35465561474453106,0.0,0.011111111111111112,0.0,0.011111111111111112,1.0,0.45023464107255223
global_replacement,1,44,40,1.0,1.0,0.0432684532933543,0.040855401854531986,0.4507243355128007,0.4206057840033623,0.0,0.011111111111111112,0.0,0.011111111111111112,1.0,0.43495276035485786
global_replacement,1,44,60,1.0,1.0,0.042427007380899655,0.03623751662615809,0.4517378469289865,0.41210732317370957,0.0,0.005555555555555556,0.0,0.005555555555555556,1.0,0.4388590526706706
global_replacement,1,44,80,1.0,1.0,0.04288354573672035,0.03406489634589193,0.4514881960107769,0.397674352490643,0.0,0.005555555555555556,0.0,0.005555555555555556,1.0,0.4298087022830585
global_replacement,1,44,100,1.0,1.0,0.045027468671210345,0.035975344122008736,0.44889417566056355,0.3908336616998716,0.0,0.0,0.0,0.0,1.0,0.42685378936918944
global_replacement,1,44,120,1.0,1.0,0.03972961290366874,0.033164419534887406,0.4553613630286906,0.4110067274884797,0.0,0.0,0.0,0.0,1.0,0.430629731164256
global_replacement,1,44,140,1.0,1.0,0.03906966312277472,0.03066345941324022,0.4558000307167498,0.4273228166992545,0.0,0.011111111111111112,0.0,0.011111111111111112,1.0,0.43866169532251875
global_replacement,1,44,160,1.0,1.0,0.043908388154606674,0.03178864405045487,0.45072969294176213,0.4134889879364984,0.0,0.011111111111111112,0.0,0.011111111111111112,1.0,0.42719455393570444
global_replacement,1,44,180,1.0,1.0,0.04343556093402098,0.03510848490223791,0.4510257524564511,0.40663701708148364,0.0,0.011111111111111112,0.0,0.011111111111111112,1.0,0.43234726550663966
global_replacement,1,44,200,0.9722222222222222,0.9944444444444445,0.044432877850255625,0.03018790488731939,0.4504867605716102,0.40132551064359406,0.0,0.0,0.005555555555555556,0.0,1.0,0.43407860410876437
global_replacement,1,44,220,1.0,1.0,0.045809117360155506,0.031144782723762473,0.4484399308582199,0.38714582409113363,0.0,0.011111111111111112,0.0,0.011111111111111112,1.0,0.43036972544949037
global_replacement,1,44,240,1.0,1.0,0.04478567869662415,0.028281628768425607,0.4500463639863686,0.3961076847831861,0.0,0.022222222222222223,0.0,0.022222222222222223,1.0,0.42848459997897337
global_replacement,1,45,0,0.0,0.3,0.4833590958797648,0.4833590958797648,-0.03623141613602919,-0.1317682148026554,0.0,0.0,0.011111111111111112,0.0,0.0,0.0
global_replacement,1,45,20,1.0,1.0,0.07591417859832145,0.05065437706280967,0.41411461186564336,0.33620206209852294,0.0,0.03333333333333333,0.0,0.03333333333333333,1.0,0.4477182304548862
global_replacement,1,45,40,1.0,1.0,0.07306376033484448,0.03596308189751896,0.41849787861592885,0.3587468410319324,0.0,0.022222222222222223,0.0,0.022222222222222223,1.0,0.4399208521782659
global_replacement,1,45,60,1.0,1.0,0.06327704874742182,0.04697228683568275,0.42890216308395457,0.39136302632506537,0.0,0.0,0.0,0.0,1.0,0.4384630012572712
global_replacement,1,45,80,1.0,1.0,0.06656589578102541,0.043895523778569125,0.4251876705123805,0.36593579363926126,0.0,0.027777777777777776,0.0,0.027777777777777776,1.0,0.4303426922564051
global_replacement,1,45,100,1.0,1.0,0.06811629746140455,0.04141039622157944,0.423921674587985,0.37230240344668586,0.0,0.011111111111111112,0.0,0.011111111111111112,1.0,0.4226857451753957
global_replacement,1,45,120,1.0,1.0,0.07295196125751029,0.042825821806171956,0.41856062309716136,0.34349136048553314,0.0,0.03888888888888889,0.0,0.03888888888888889,1.0,0.42675979722471136
global_replacement,1,45,140,1.0,1.0,0.07924056852169231,0.03762095428568054,0.41307779954221346,0.2843913937000466,0.0,0.06666666666666667,0.0,0.06666666666666667,1.0,0.4209169222180138
global_replacement,1,45,160,1.0,1.0,0.07756984742660326,0.036024370997927234,0.4149425990794807,0.2870195552793441,0.0,0.06666666666666667,0.0,0.06666666666666667,1.0,0.4236240061372532
global_replacement,1,45,180,1.0,1.0,0.07033527970885914,0.03278085554503672,0.42308399286693116,0.3351083550259067,0.0,0.03888888888888889,0.0,0.03888888888888889,1.0,0.42842979060987796
global_replacement,1,45,200,0.9722222222222222,0.9944444444444445,0.0832945177394741,0.03336294420054779,0.40899019966009337,0.28473528493314537,0.0,0.10555555555555556,0.0,0.10555555555555556,1.0,0.42677205457621953
global_replacement,1,45,220,1.0,1.0,0.08320492936616196,0.03220190752550228,0.40917681350691365,0.27557418605379574,0.0,0.12222222222222222,0.0,0.12222222222222222,1.0,0.42295331522793034
global_replacement,1,45,240,1.0,1.0,0.07725451169775652,0.032269153888649316,0.41524791905556196,0.2944210195596823,0.0,0.07222222222222222,0.0,0.07222222222222222,1.0,0.4281907979892447
residual_finetune,0,41,0,0.0,0.24444444444444444,0.49189047298745264,0.49189047298745264,-0.045508308824956226,-0.13541253663808722,0.0,0.0,0.011111111111111112,0.0,0.0,0.0
residual_finetune,0,41,20,1.0,1.0,0.06877924931335727,0.06635730148526574,0.42284174701512567,0.3462273235137119,0.0,0.0,0.0,0.0,1.0,0.44220742011862846
residual_finetune,0,41,40,1.0,1.0,0.06470193266481071,0.06005595758091845,0.4273412182908866,0.3389871573123752,0.005555555555555556,0.005555555555555556,0.0,0.0,1.0,0.4383924468635907
residual_finetune,0,41,60,1.0,1.0,0.0636142784410339,0.0620301311088672,0.4281667705557087,0.33416665429117315,0.0,0.0,0.0,0.0,1.0,0.43409398877569033
residual_finetune,0,41,80,1.0,1.0,0.05608810819601567,0.04977991568754202,0.43685432585370576,0.3652811574763319,0.0,0.0,0.0,0.0,1.0,0.4299283075465193
residual_finetune,0,41,100,0.9722222222222222,0.9944444444444445,0.05385221408307682,0.04031244165501556,0.4395023330477661,0.3984052069626166,0.011111111111111112,0.011111111111111112,0.0,0.0,1.0,0.42011067081160547
residual_finetune,0,41,120,1.0,1.0,0.05041815332956959,0.03994439244125911,0.443374798880408,0.39398453401113176,0.0,0.0,0.0,0.0,1.0,0.42425813961541853
residual_finetune,0,41,140,1.0,1.0,0.05087506950925638,0.035407335842976805,0.4425145120986533,0.3917475216130094,0.011111111111111112,0.011111111111111112,0.0,0.0,1.0,0.42221277338174945
residual_finetune,0,41,160,0.9722222222222222,0.9944444444444445,0.05615946710721604,0.03352924702967203,0.43698032303093365,0.3481929356579361,0.016666666666666666,0.016666666666666666,0.0,0.0,1.0,0.41882213054071094
residual_finetune,0,41,180,1.0,1.0,0.052669962701737204,0.038254242728191466,0.4413223634001196,0.3909179828224365,0.016666666666666666,0.016666666666666666,0.0,0.0,1.0,0.4247244850071305
residual_finetune,0,41,200,1.0,1.0,0.04219793800250626,0.03443253808970907,0.4523807519552529,0.4102751588565513,0.0,0.0,0.0,0.0,1.0,0.42715107015012577
residual_finetune,0,41,220,1.0,1.0,0.04912671090565034,0.035314700806547555,0.44481156540663647,0.3970289179155741,0.005555555555555556,0.005555555555555556,0.0,0.0,1.0,0.42210756500723134
residual_finetune,0,41,240,1.0,1.0,0.04291613465493451,0.03168278416344953,0.4515870907067543,0.4151591232305553,0.0,0.0,0.0,0.0,1.0,0.42562957708434684
residual_finetune,0,42,0,0.0,0.25555555555555554,0.4930903064253122,0.4930903064253122,-0.04675568500823546,-0.1369111334196786,0.0,0.0,0.005555555555555556,0.0,0.0,0.0
residual_finetune,0,42,20,1.0,1.0,0.058033514712439505,0.054138259297331154,0.4341105526635563,0.3849198820120686,0.0,0.0,0.0,0.0,1.0,0.4336142318761137
residual_finetune,0,42,40,1.0,1.0,0.051216744036728816,0.045762500255029065,0.4420596274464523,0.40812545125166666,0.011111111111111112,0.011111111111111112,0.0,0.0,1.0,0.4153890340352147
residual_finetune,0,42,60,1.0,1.0,0.041566505252059745,0.03708781088204874,0.4530566550939473,0.4225379518666212,0.005555555555555556,0.005555555555555556,0.0,0.0,1.0,0.4327844712686332
residual_finetune,0,42,80,0.9722222222222222,0.9944444444444445,0.04827063139034504,0.03672249324771179,0.4461591427841185,0.3836477125546298,0.011111111111111112,0.011111111111111112,0.0,0.0,1.0,0.42951946899643584
residual_finetune,0,42,100,1.0,1.0,0.03985840054287005,0.03517247394880301,0.45515347507575715,0.3987377024414379,0.0,0.0,0.0,0.0,1.0,0.4320193971367904
residual_finetune,0,42,120,1.0,1.0,0.04100785850359533,0.03458226791886359,0.4540055454993461,0.41544941095240073,0.011111111111111112,0.011111111111111112,0.0,0.0,1.0,0.43721352752949133
residual_finetune,0,42,140,0.9722222222222222,0.9944444444444445,0.038473533516323585,0.029237417220451676,0.45682901097800216,0.43387371712475664,0.022222222222222223,0.022222222222222223,0.0,0.0,1.0,0.43641607516599756
residual_finetune,0,42,160,1.0,1.0,0.042389794762366796,0.03305340080254022,0.4526999738210003,0.39443908874671757,0.005555555555555556,0.005555555555555556,0.0,0.0,1.0,0.4294836848024486
residual_finetune,0,42,180,0.9722222222222222,0.9944444444444445,0.05151133205257279,0.030845715590241726,0.4426292735234064,0.3852942207910325,0.027777777777777776,0.027777777777777776,0.0,0.0,1.0,0.43014610817477333
residual_finetune,0,42,200,1.0,1.0,0.04170694375342955,0.029412245621811776,0.4534630410132244,0.40133550074205393,0.005555555555555556,0.005555555555555556,0.0,0.0,1.0,0.43499957904257275
residual_finetune,0,42,220,0.9722222222222222,0.9944444444444445,0.04450990553065933,0.02848477549627325,0.45027471166945154,0.41513109253150837,0.011111111111111112,0.011111111111111112,0.0,0.0,1.0,0.4396437438630222
residual_finetune,0,42,240,0.9722222222222222,0.9944444444444445,0.05312162959101355,0.02924934725450446,0.44093505187635,0.36571085312600793,0.03888888888888889,0.03888888888888889,0.005555555555555556,0.0,1.0,0.4291902586487722
residual_finetune,0,43,0,0.0,0.3055555555555556,0.4821265347623354,0.4821265347623354,-0.03461580529066658,-0.13393737802025873,0.0,0.0,0.005555555555555556,0.0,0.0,0.0
residual_finetune,0,43,20,1.0,1.0,0.06126219355844837,0.05777474323454219,0.4305950895141483,0.37373632257443307,0.0,0.0,0.0,0.0,1.0,0.4398092473499719
residual_finetune,0,43,40,1.0,1.0,0.054749972195789,0.04846740690063677,0.43862594298647095,0.37729892442945906,0.005555555555555556,0.005555555555555556,0.0,0.0,1.0,0.43700175198073654
residual_finetune,0,43,60,1.0,1.0,0.05258666058445783,0.038616739107824115,0.4413918616167228,0.37499576185953776,0.0,0.0,0.0,0.0,1.0,0.4395332451264027
residual_finetune,0,43,80,1.0,1.0,0.06251469676971944,0.03586282116174272,0.43090227953793314,0.3452154190005079,0.022222222222222223,0.022222222222222223,0.0,0.0,1.0,0.4403960535433308
residual_finetune,0,43,100,1.0,1.0,0.04028998907444014,0.030899986789171337,0.4549365227242949,0.4047920041336449,0.011111111111111112,0.011111111111111112,0.0,0.0,1.0,0.4365771911438862
residual_finetune,0,43,120,0.9722222222222222,0.9944444444444445,0.0592339869775085,0.030291747007927493,0.43449749576194113,0.3188113355215657,0.03333333333333333,0.03333333333333333,0.0,0.0,1.0,0.4348252899959283
residual_finetune,0,43,140,0.8888888888888888,0.9777777777777777,0.07699326808824668,0.03231943550016252,0.41492187600141006,0.29795851747993185,0.07222222222222222,0.07222222222222222,0.0,0.0,1.0,0.4238045060742152
residual_finetune,0,43,160,0.9722222222222222,0.9888888888888889,0.08018923575376184,0.03352917638629128,0.41164697333970823,0.25249858577805046,0.05555555555555555,0.05555555555555555,0.0,0.0,1.0,0.4191135919579078
residual_finetune,0,43,180,0.8888888888888888,0.9777777777777777,0.0798714545299415,0.03546289965837051,0.4119690231283433,0.28831082002114944,0.05555555555555555,0.05555555555555555,0.005555555555555556,0.0,1.0,0.4173359762658943
residual_finetune,0,43,200,0.9444444444444444,0.9888888888888889,0.06787908767609731,0.02728821964181005,0.42541014367347163,0.32739655794544836,0.06666666666666667,0.06666666666666667,0.005555555555555556,0.0,1.0,0.41788733201125583
residual_finetune,0,43,220,1.0,1.0,0.05974550564633595,0.026014700276152523,0.43416165291404535,0.33561385558171547,0.03888888888888889,0.03888888888888889,0.0,0.0,1.0,0.4360923311917
residual_finetune,0,43,240,0.9722222222222222,0.9944444444444445,0.0651484205567075,0.02739914781915699,0.42814798973719453,0.32946035601912294,0.044444444444444446,0.044444444444444446,0.0,0.0,1.0,0.4267335091905328
residual_finetune,0,44,0,0.0,0.34444444444444444,0.4722013984574439,0.4722013984574439,-0.023449877669328135,-0.13465593523117037,0.0,0.0,0.005555555555555556,0.0,0.0,0.0
residual_finetune,0,44,20,1.0,1.0,0.06127136984765204,0.06176996988188567,0.42963349063909834,0.39052011452283286,0.0,0.0,0.0,0.0,1.0,0.4188466677897537
residual_finetune,0,44,40,1.0,1.0,0.04657039481409667,0.046841650555432025,0.4468507691227562,0.41351853279276507,0.0,0.0,0.0,0.0,1.0,0.4346457382380517
residual_finetune,0,44,60,1.0,1.0,0.044672216969888684,0.0418799606845186,0.4490352067358906,0.42050506969136764,0.0,0.0,0.0,0.0,1.0,0.4389177957934853
residual_finetune,0,44,80,1.0,1.0,0.04193306894365328,0.03711093991123468,0.4522271551503439,0.40601269292097963,0.005555555555555556,0.005555555555555556,0.0,0.0,1.0,0.4320894296557578
residual_finetune,0,44,100,1.0,1.0,0.04393297552427986,0.038678497152608314,0.4498753811652471,0.41212175257281375,0.0,0.0,0.0,0.0,1.0,0.43022069675286523
residual_finetune,0,44,120,1.0,1.0,0.0364989440057592,0.03390723773223297,0.45863862587806953,0.42900246191722596,0.0,0.0,0.0,0.0,1.0,0.4311816618299004
residual_finetune,0,44,140,1.0,1.0,0.03490866711841016,0.029924612038788108,0.46012596811934336,0.4371040185116157,0.0,0.0,0.0,0.0,1.0,0.4391190206020645
residual_finetune,0,44,160,1.0,1.0,0.040582670741194135,0.031607726590742194,0.4539792365473321,0.4211068488543552,0.005555555555555556,0.005555555555555556,0.0,0.0,1.0,0.4275503893469299
residual_finetune,0,44,180,0.9722222222222222,0.9944444444444445,0.04757835235061718,0.04384443218161119,0.44567230293093973,0.413476029037075,0.011111111111111112,0.011111111111111112,0.005555555555555556,0.0,1.0,0.4405747842364521
residual_finetune,0,44,200,0.9722222222222222,0.9944444444444445,0.039706851395845115,0.031038216015710034,0.4552767656668548,0.41033551498563076,0.0,0.0,0.005555555555555556,0.0,1.0,0.4359608637393713
residual_finetune,0,44,220,0.9722222222222222,0.9944444444444445,0.04248670957459906,0.03121403577038154,0.45187784243668366,0.4063746081541502,0.005555555555555556,0.005555555555555556,0.0,0.0,1.0,0.4321921945052828
residual_finetune,0,44,240,1.0,1.0,0.04152090967449789,0.029629483394085405,0.45318205830314784,0.41650080111495186,0.005555555555555556,0.005555555555555556,0.0,0.0,1.0,0.43037519865902446
residual_finetune,0,45,0,0.0,0.3,0.4833590958797648,0.4833590958797648,-0.03623141613602919,-0.1317682148026554,0.0,0.0,0.011111111111111112,0.0,0.0,0.0
residual_finetune,0,45,20,1.0,1.0,0.05735066065981166,0.05598430507002385,0.4350885043502716,0.3572726184717438,0.0,0.0,0.0,0.0,1.0,0.4465742003283978
residual_finetune,0,45,40,1.0,1.0,0.0517065535594926,0.04320005380315485,0.4421633286172968,0.38974888864642043,0.0,0.0,0.0,0.0,1.0,0.4408098972659358
residual_finetune,0,45,60,1.0,1.0,0.05170870454145202,0.03480511305876342,0.44241135037241813,0.4061661145227275,0.016666666666666666,0.016666666666666666,0.0,0.0,1.0,0.42181831442734685
residual_finetune,0,45,80,0.9166666666666666,0.9833333333333333,0.06226875577017455,0.032883979384516496,0.43068356736743757,0.3790007833091927,0.044444444444444446,0.044444444444444446,0.005555555555555556,0.0,1.0,0.41553544799358644
residual_finetune,0,45,100,0.9722222222222222,0.9944444444444445,0.054770168382031414,0.03238946931415729,0.43910355814930013,0.3861493136748848,0.022222222222222223,0.022222222222222223,0.0,0.0,1.0,0.4120641346792744
residual_finetune,0,45,120,0.9444444444444444,0.9888888888888889,0.05528795297926462,0.03070704916006365,0.43848821866767274,0.3783264059933964,0.027777777777777776,0.027777777777777776,0.005555555555555556,0.0,1.0,0.4216591423764753
residual_finetune,0,45,140,1.0,1.0,0.06232234465110465,0.033533761131875166,0.43098914956067425,0.3518726851097015,0.044444444444444446,0.044444444444444446,0.0,0.0,1.0,0.4254634409222315
residual_finetune,0,45,160,0.9722222222222222,0.9944444444444445,0.05988427655312313,0.03156360037010707,0.4336746824735842,0.342707076848247,0.03888888888888889,0.03888888888888889,0.005555555555555556,0.0,1.0,0.4268464692926879
residual_finetune,0,45,180,1.0,1.0,0.0500670547380702,0.026356425733298404,0.4446533203773146,0.39477817904736145,0.016666666666666666,0.016666666666666666,0.0,0.0,1.0,0.432410966620487
residual_finetune,0,45,200,0.8888888888888888,0.9777777777777777,0.06747618796756404,0.028030792670924967,0.4257369230058664,0.3095028921484733,0.044444444444444446,0.044444444444444446,0.0,0.0,1.0,0.4287417562716485
residual_finetune,0,45,220,0.9444444444444444,0.9888888888888889,0.06761893565921216,0.02768826226585294,0.4256261610331865,0.332612321249147,0.05,0.05,0.0,0.0,1.0,0.42373090802533364
residual_finetune,0,45,240,0.9722222222222222,0.9944444444444445,0.06198667380644775,0.028286246515340056,0.4314851928663298,0.34209409928670065,0.05,0.05,0.0,0.0,1.0,0.429384400442492
residual_finetune,1,41,0,0.0,0.24444444444444444,0.49189047298745264,0.49189047298745264,-0.045508308824956226,-0.13541253663808722,0.0,0.0,0.011111111111111112,0.0,0.0,0.0
residual_finetune,1,41,20,1.0,1.0,0.06998510760785047,0.06626855587958129,0.4215797605809914,0.3410165444796422,0.0,0.0,0.0,0.0,1.0,0.44208261621217104
residual_finetune,1,41,40,1.0,1.0,0.06554336531765188,0.06051356542914671,0.42639979153969404,0.3361599551659812,0.0,0.005555555555555556,0.0,0.005555555555555556,1.0,0.43815292810284995
residual_finetune,1,41,60,1.0,1.0,0.06418799822250738,0.06225853274168374,0.42752172638659947,0.33481596749705916,0.0,0.0,0.0,0.0,1.0,0.4340295673963297
residual_finetune,1,41,80,1.0,1.0,0.05678502219935587,0.049418880822568054,0.4360993248883929,0.36614520058770195,0.0,0.0,0.0,0.0,1.0,0.4291986736896985
residual_finetune,1,41,100,1.0,1.0,0.05371853909028695,0.040690135728626495,0.43964185681457946,0.3892304128261362,0.0,0.011111111111111112,0.0,0.011111111111111112,1.0,0.4211218348095659
residual_finetune,1,41,120,1.0,1.0,0.051601472184576905,0.0401056593517524,0.4421056065247132,0.3869214151036677,0.0,0.011111111111111112,0.0,0.011111111111111112,1.0,0.42381935288017747
residual_finetune,1,41,140,1.0,1.0,0.05120915933377841,0.03616331543015016,0.4422010635738548,0.38354654088784623,0.0,0.011111111111111112,0.0,0.011111111111111112,1.0,0.4224832503807521
residual_finetune,1,41,160,1.0,1.0,0.05598247324973071,0.034008086243897506,0.4371726191786816,0.34235862552205015,0.0,0.022222222222222223,0.0,0.022222222222222223,1.0,0.4194259798363937
residual_finetune,1,41,180,1.0,1.0,0.052557526394745306,0.03862925857744168,0.44145159517874344,0.3864446412759597,0.0,0.016666666666666666,0.0,0.016666666666666666,1.0,0.4252101944902248
residual_finetune,1,41,200,1.0,1.0,0.042947593330023584,0.0342692645686545,0.4515683676372175,0.4123129719208261,0.0,0.0,0.0,0.0,1.0,0.4270319703503416
residual_finetune,1,41,220,1.0,1.0,0.04914858747694899,0.035312791613586664,0.44477134942531027,0.3925337817320126,0.0,0.005555555555555556,0.0,0.005555555555555556,1.0,0.42231379090977583
residual_finetune,1,41,240,1.0,1.0,0.04366218507764699,0.031403331057619895,0.45078329347441726,0.4090343644987396,0.0,0.005555555555555556,0.0,0.005555555555555556,1.0,0.42532336996823317
residual_finetune,1,42,0,0.0,0.25555555555555554,0.4930903064253122,0.4930903064253122,-0.04675568500823546,-0.1369111334196786,0.0,0.0,0.005555555555555556,0.0,0.0,0.0
residual_finetune,1,42,20,1.0,1.0,0.058033514712439505,0.054138259297331154,0.4341105526635563,0.3849198820120686,0.0,0.0,0.0,0.0,1.0,0.4336142318761137
residual_finetune,1,42,40,1.0,1.0,0.05081195144147298,0.045935710893816054,0.44250373287280825,0.40812545125166666,0.0,0.011111111111111112,0.0,0.011111111111111112,1.0,0.41557147219033763
residual_finetune,1,42,60,1.0,1.0,0.041542176499107304,0.03726384946677287,0.45308728775834634,0.4222152177640344,0.0,0.005555555555555556,0.0,0.005555555555555556,1.0,0.4328112907379329
residual_finetune,1,42,80,1.0,1.0,0.04776851290015022,0.037060261145788045,0.446705243255167,0.3839347483050339,0.0,0.011111111111111112,0.0,0.011111111111111112,1.0,0.4298454415043444
residual_finetune,1,42,100,1.0,1.0,0.03993378963626149,0.03530872063148929,0.4550741482960909,0.39910481109307444,0.0,0.0,0.0,0.0,1.0,0.4320515832395516
residual_finetune,1,42,120,1.0,1.0,0.04050949128856957,0.03497304986241348,0.45455287529883875,0.41497292046526185,0.0,0.011111111111111112,0.0,0.011111111111111112,1.0,0.43748093729999576
residual_finetune,1,42,140,1.0,1.0,0.037442811758209765,0.02967990574891873,0.45794978238938533,0.433463740324795,0.0,0.022222222222222223,0.0,0.022222222222222223,1.0,0.4370603579623526
residual_finetune,1,42,160,1.0,1.0,0.04205175577990524,0.033305808279880215,0.4530707470194242,0.3945044992083925,0.0,0.005555555555555556,0.0,0.005555555555555556,1.0,0.4296448719711408
residual_finetune,1,42,180,1.0,1.0,0.04885557007295566,0.03218480414109891,0.4455304765312944,0.3859828369556433,0.0,0.027777777777777776,0.0,0.027777777777777776,1.0,0.43173275167254316
residual_finetune,1,42,200,1.0,1.0,0.040906391159786094,0.02981818323426427,0.4543335549399134,0.4023239224075855,0.0,0.005555555555555556,0.0,0.005555555555555556,1.0,0.4355284523720063
residual_finetune,1,42,220,1.0,1.0,0.04268022157886122,0.02900454751829334,0.4522898204389929,0.4147404072618904,0.0,0.011111111111111112,0.0,0.011111111111111112,1.0,0.4408503616808855
residual_finetune,1,42,240,1.0,1.0,0.049352188552883015,0.029436762807178586,0.4450657865128368,0.36848874108268215,0.0,0.03888888888888889,0.0,0.03888888888888889,1.0,0.4315143066648007
residual_finetune,1,43,0,0.0,0.3055555555555556,0.4821265347623354,0.4821265347623354,-0.03461580529066658,-0.13393737802025873,0.0,0.0,0.005555555555555556,0.0,0.0,0.0
residual_finetune,1,43,20,1.0,1.0,0.06126219355844837,0.05777474323454219,0.4305950895141483,0.37373632257443307,0.0,0.0,0.0,0.0,1.0,0.4398092473499719
residual_finetune,1,43,40,1.0,1.0,0.05441315199977663,0.048619017094115806,0.438996460175979,0.37729892442945906,0.0,0.005555555555555556,0.0,0.005555555555555556,1.0,0.43715845898783257
residual_finetune,1,43,60,1.0,1.0,0.05258666058445783,0.038616739107824115,0.4413918616167228,0.37499576185953776,0.0,0.0,0.0,0.0,1.0,0.4395332451264027
residual_finetune,1,43,80,1.0,1.0,0.06202905215906246,0.03603747274249329,0.4314406660323874,0.3452154190005079,0.0,0.022222222222222223,0.0,0.022222222222222223,1.0,0.4405903537649351
residual_finetune,1,43,100,1.0,1.0,0.03936162085752245,0.03109545051047241,0.4559547613246375,0.4047920041336449,0.0,0.011111111111111112,0.0,0.011111111111111112,1.0,0.43721465827167544
residual_finetune,1,43,120,1.0,1.0,0.055418528082681044,0.03222640831351306,0.4386892028895937,0.32354153875665453,0.0,0.03333333333333333,0.0,0.03333333333333333,1.0,0.4373165126742641
residual_finetune,1,43,140,1.0,1.0,0.06577196951488656,0.03358599212086137,0.42731816539467204,0.323320472306739,0.0,0.07222222222222222,0.0,0.07222222222222222,1.0,0.43160115686621164
residual_finetune,1,43,160,0.9722222222222222,0.9944444444444445,0.07491434952305813,0.0333595231056741,0.4174348221092287,0.2566230542276746,0.0,0.05555555555555555,0.0,0.05555555555555555,1.0,0.42315915428936857
residual_finetune,1,43,180,0.9722222222222222,0.9944444444444445,0.06835114746323148,0.03126566183447969,0.4246008159941122,0.30986762288878,0.0,0.05555555555555555,0.0,0.05555555555555555,1.0,0.42673478710250756
residual_finetune,1,43,200,1.0,1.0,0.060445482762585656,0.026321828053046885,0.43344489947531656,0.3383691245184131,0.0,0.06111111111111111,0.0,0.06111111111111111,1.0,0.42156100352361336
residual_finetune,1,43,220,1.0,1.0,0.06110913437244687,0.026522337702015186,0.4327436474306588,0.3290122442480821,0.0,0.05,0.0,0.05,1.0,0.43326803786525875
residual_finetune,1,43,240,1.0,1.0,0.06539503479009771,0.028867409628730842,0.42784352653042534,0.3030398578794878,0.0,0.044444444444444446,0.0,0.044444444444444446,1.0,0.4253379500945377
residual_finetune,1,44,0,0.0,0.34444444444444444,0.4722013984574439,0.4722013984574439,-0.023449877669328135,-0.13465593523117037,0.0,0.0,0.005555555555555556,0.0,0.0,0.0
residual_finetune,1,44,20,1.0,1.0,0.06127136984765204,0.06176996988188567,0.42963349063909834,0.39052011452283286,0.0,0.0,0.0,0.0,1.0,0.4188466677897537
residual_finetune,1,44,40,1.0,1.0,0.04657039481409667,0.046841650555432025,0.4468507691227562,0.41351853279276507,0.0,0.0,0.0,0.0,1.0,0.4346457382380517
residual_finetune,1,44,60,1.0,1.0,0.044672216969888684,0.0418799606845186,0.4490352067358906,0.42050506969136764,0.0,0.0,0.0,0.0,1.0,0.4389177957934853
residual_finetune,1,44,80,1.0,1.0,0.041843592836289904,0.03715549302642396,0.4523238391522922,0.40601269292097963,0.0,0.005555555555555556,0.0,0.005555555555555556,1.0,0.4321366577064494
residual_finetune,1,44,100,1.0,1.0,0.04393297552427986,0.038678497152608314,0.4498753811652471,0.41212175257281375,0.0,0.0,0.0,0.0,1.0,0.43022069675286523
residual_finetune,1,44,120,1.0,1.0,0.0364989440057592,0.03390723773223297,0.45863862587806953,0.42900246191722596,0.0,0.0,0.0,0.0,1.0,0.4311816618299004
residual_finetune,1,44,140,1.0,1.0,0.03490866711841016,0.029924612038788108,0.46012596811934336,0.4371040185116157,0.0,0.0,0.0,0.0,1.0,0.4391190206020645
residual_finetune,1,44,160,1.0,1.0,0.04022727807645133,0.03184480020817292,0.4543644747281639,0.4211068488543552,0.0,0.005555555555555556,0.0,0.005555555555555556,1.0,0.4277742847922102
residual_finetune,1,44,180,0.9722222222222222,0.9944444444444445,0.041647428284957155,0.036242746818838434,0.45255453710651683,0.413476029037075,0.0,0.011111111111111112,0.0,0.011111111111111112,1.0,0.4335927783557188
residual_finetune,1,44,200,0.9722222222222222,0.9944444444444445,0.03973679906815805,0.031046139971485955,0.45523967675114646,0.41032422593144524,0.0,0.0,0.005555555555555556,0.0,1.0,0.4359146823456565
residual_finetune,1,44,220,1.0,1.0,0.041966586777691994,0.031743816603259305,0.4524127159856036,0.40453643934805544,0.0,0.005555555555555556,0.0,0.005555555555555556,1.0,0.43254000350126837
residual_finetune,1,44,240,1.0,1.0,0.04180570503776412,0.029429653318593454,0.4528457832135468,0.41479835815609045,0.0,0.005555555555555556,0.0,0.005555555555555556,1.0,0.42963331655057463
residual_finetune,1,45,0,0.0,0.3,0.4833590958797648,0.4833590958797648,-0.03623141613602919,-0.1317682148026554,0.0,0.0,0.011111111111111112,0.0,0.0,0.0
residual_finetune,1,45,20,1.0,1.0,0.05735066065981166,0.05598430507002385,0.4350885043502716,0.3572726184717438,0.0,0.0,0.0,0.0,1.0,0.4465742003283978
residual_finetune,1,45,40,1.0,1.0,0.0517065535594926,0.04320005380315485,0.4421633286172968,0.38974888864642043,0.0,0.0,0.0,0.0,1.0,0.4408098972659358
residual_finetune,1,45,60,1.0,1.0,0.05095239915273822,0.035242228153448976,0.4432362704864679,0.4061661145227275,0.0,0.016666666666666666,0.0,0.016666666666666666,1.0,0.4223231240183395
residual_finetune,1,45,80,1.0,1.0,0.055746647184425076,0.03369459854221745,0.4378949366227066,0.37169688406359275,0.0,0.05,0.0,0.05,1.0,0.4207961832623451
residual_finetune,1,45,100,1.0,1.0,0.05340513042325627,0.03233598875018079,0.44067983835514546,0.3807576915333011,0.0,0.027777777777777776,0.0,0.027777777777777776,1.0,0.4125616741675198
residual_finetune,1,45,120,1.0,1.0,0.05109420370653434,0.030406143140613493,0.4431839400134815,0.38180577939734167,0.0,0.03333333333333333,0.0,0.03333333333333333,1.0,0.4236176423635186
residual_finetune,1,45,140,1.0,1.0,0.061607971881744224,0.034770768939374044,0.43180497694021625,0.3458883603686244,0.0,0.044444444444444446,0.0,0.044444444444444446,1.0,0.4259424290437394
residual_finetune,1,45,160,1.0,1.0,0.056945785615856385,0.033186122184076426,0.43689331122350206,0.3398584952691199,0.0,0.03888888888888889,0.0,0.03888888888888889,1.0,0.4288825246370367
residual_finetune,1,45,180,1.0,1.0,0.04948087611730202,0.028147192610743145,0.44531490939804186,0.38899671068337976,0.0,0.016666666666666666,0.0,0.016666666666666666,1.0,0.43341218191758657
residual_finetune,1,45,200,0.9722222222222222,0.9944444444444445,0.06374402380667853,0.0299031914613753,0.42981520053555106,0.3077323034826032,0.0,0.05,0.0,0.05,1.0,0.4309430697587847
residual_finetune,1,45,220,1.0,1.0,0.06362323054990024,0.028497075299892944,0.4299820305879368,0.32720112206276586,0.0,0.05555555555555555,0.0,0.05555555555555555,1.0,0.42638312574821385
residual_finetune,1,45,240,1.0,1.0,0.05909517971046828,0.029442742208806858,0.43466814914536483,0.3373161212266077,0.0,0.05,0.0,0.05,1.0,0.43141630647841
nearest_memory,0,41,0,0.0,0.24444444444444444,0.49189047298745264,0.49189047298745264,-0.045508308824956226,-0.13541253663808722,0.0,0.0,0.011111111111111112,0.0,0.0,0.0
nearest_memory,0,41,20,1.0,1.0,0.05739621250447677,0.05730240093429651,0.43591752634757513,0.35829403508508983,0.0,0.0,0.0,0.0,1.0,0.47133072151629846
nearest_memory,0,41,40,1.0,1.0,0.04186943151273954,0.041882908026742015,0.45199099372197604,0.39000452487053733,0.0,0.0,0.0,0.0,1.0,0.4541085852056812
nearest_memory,0,41,60,1.0,1.0,0.04500194873898378,0.0450017857917417,0.4484216589118307,0.3783870131626399,0.0,0.0,0.0,0.0,1.0,0.4466145217917298
nearest_memory,0,41,80,1.0,1.0,0.034484303025367896,0.03448437455775347,0.46048298730494996,0.4072528486880203,0.0,0.0,0.0,0.0,1.0,0.4444854092283981
nearest_memory,0,41,100,1.0,1.0,0.027350574273441286,0.027397032842773634,0.46881589638862775,0.42934110801207814,0.0,0.0,0.0,0.0,1.0,0.4442244033407925
nearest_memory,0,41,120,1.0,1.0,0.027188911954537154,0.027173816155918098,0.46915971591977973,0.44218944518996406,0.0,0.0,0.0,0.0,1.0,0.44737158102240454
nearest_memory,0,41,140,1.0,1.0,0.023786567016911238,0.023805296400914694,0.47304020790664575,0.4535808790310911,0.0,0.0,0.0,0.0,1.0,0.4450082139476332
nearest_memory,0,41,160,1.0,1.0,0.026653643072009917,0.026644668717097187,0.46972039274698457,0.42820748787535634,0.0,0.0,0.0,0.0,1.0,0.4385431109890255
nearest_memory,0,41,180,1.0,1.0,0.027406624689296263,0.02749500434443301,0.468941114630713,0.42700406723456075,0.0,0.0,0.0,0.0,1.0,0.4358164201943217
nearest_memory,0,41,200,1.0,1.0,0.021145884976356222,0.021189927939771945,0.47588163733865413,0.44882521330172515,0.0,0.0,0.0,0.0,1.0,0.4389781676077875
nearest_memory,0,41,220,1.0,1.0,0.021477309294139824,0.02151630156966538,0.4756006653494195,0.45479315202179565,0.0,0.0,0.0,0.0,1.0,0.4350993866070857
nearest_memory,0,41,240,1.0,1.0,0.02033948435765683,0.020374177894336012,0.4769756891156913,0.4562315201337968,0.0,0.0,0.0,0.0,1.0,0.4337634474674432
nearest_memory,0,42,0,0.0,0.25555555555555554,0.4930903064253122,0.4930903064253122,-0.04675568500823546,-0.1369111334196786,0.0,0.0,0.005555555555555556,0.0,0.0,0.0
nearest_memory,0,42,20,1.0,1.0,0.04832345628547405,0.048323445793517474,0.4452109984329349,0.40439805542691964,0.0,0.0,0.0,0.0,1.0,0.4694921308410651
nearest_memory,0,42,40,1.0,1.0,0.033489567696251527,0.03328809953016801,0.46198692438408784,0.4176534518888991,0.0,0.0,0.0,0.0,1.0,0.4464737137586479
nearest_memory,0,42,60,1.0,1.0,0.027345293247656048,0.02745226370371804,0.46920108083240925,0.439086841081903,0.0,0.0,0.0,0.0,1.0,0.4555963897365596
nearest_memory,0,42,80,1.0,1.0,0.031104140137393498,0.031104137276999476,0.4645662232309887,0.4268907139550167,0.0,0.0,0.0,0.0,1.0,0.44644012637183916
nearest_memory,0,42,100,1.0,1.0,0.028703526696516452,0.028678096149918883,0.46742212287959956,0.4314764670959629,0.0,0.0,0.0,0.0,1.0,0.444421590699841
nearest_memory,0,42,120,1.0,1.0,0.025447827432644093,0.02547991210904118,0.47084089636524146,0.4505037999039356,0.0,0.0,0.0,0.0,1.0,0.4500329526815805
nearest_memory,0,42,140,1.0,1.0,0.025071661456645918,0.025069208454532744,0.47125235940629057,0.4442930024032172,0.0,0.0,0.0,0.0,1.0,0.4515226018892045
nearest_memory,0,42,160,1.0,1.0,0.026577459586763878,0.026599302157427365,0.4696154592943922,0.44278227517258534,0.0,0.0,0.0,0.0,1.0,0.4391839091540346
nearest_memory,0,42,180,1.0,1.0,0.0267037508676692,0.026678811720527613,0.4693964791620627,0.44876856506898155,0.0,0.0,0.0,0.0,1.0,0.4438663373608752
nearest_memory,0,42,200,1.0,1.0,0.02128078256085654,0.02128846580491093,0.47569112326023516,0.45945620474720605,0.0,0.0,0.0,0.0,1.0,0.44519599990729847
nearest_memory,0,42,220,1.0,1.0,0.0223429980254021,0.0224333830674251,0.474419955464961,0.4543846881749044,0.0,0.0,0.0,0.0,1.0,0.4517170555307541
nearest_memory,0,42,240,1.0,1.0,0.023580439933650194,0.023562744972140226,0.47322104407776683,0.4488764135338798,0.0,0.0,0.0,0.0,1.0,0.4413513248232295
nearest_memory,0,43,0,0.0,0.3055555555555556,0.4821265347623354,0.4821265347623354,-0.03461580529066658,-0.13393737802025873,0.0,0.0,0.005555555555555556,0.0,0.0,0.0
nearest_memory,0,43,20,1.0,1.0,0.062219786910077915,0.061972547580948265,0.4304641647734199,0.3514661730760453,0.0,0.0,0.0,0.0,1.0,0.46637013409812356
nearest_memory,0,43,40,1.0,1.0,0.04534784174925264,0.04534783189906818,0.449321219873597,0.3904222034449566,0.0,0.0,0.0,0.0,1.0,0.4535474919009441
nearest_memory,0,43,60,1.0,1.0,0.031210038051243495,0.031227723566991303,0.4649759084191593,0.42035730915305697,0.0,0.0,0.0,0.0,1.0,0.4567573690351757
nearest_memory,0,43,80,1.0,1.0,0.02773628240198509,0.02775392202563265,0.46859807488284494,0.42046532366039324,0.0,0.0,0.0,0.0,1.0,0.4469772405155014
nearest_memory,0,43,100,1.0,1.0,0.026239633930990575,0.026239636790597192,0.4704721346460084,0.43087155891039103,0.0,0.0,0.0,0.0,1.0,0.449089967325721
nearest_memory,0,43,120,1.0,1.0,0.025039967733366704,0.02504782738547997,0.4718127058351892,0.4331765553356457,0.0,0.0,0.0,0.0,1.0,0.4462598759405187
nearest_memory,0,43,140,1.0,1.0,0.02982329204111248,0.029778832895572,0.4663456483664662,0.4185690123873025,0.0,0.0,0.0,0.0,1.0,0.4453161541595065
nearest_memory,0,43,160,1.0,1.0,0.02439556396135436,0.02439563055243991,0.47228348975409046,0.4418723122171641,0.0,0.0,0.0,0.0,1.0,0.44067806765283835
nearest_memory,0,43,180,1.0,1.0,0.02661709759566615,0.026667734293430712,0.4700548237361413,0.4266810173650307,0.0,0.0,0.0,0.0,1.0,0.4424680485336557
nearest_memory,0,43,200,1.0,1.0,0.02404363808980208,0.024011115850742313,0.4729387733500171,0.44410942946476173,0.0,0.0,0.0,0.0,1.0,0.4415190777013866
nearest_memory,0,43,220,1.0,1.0,0.02231918339783198,0.02238340567601122,0.47485386030621796,0.450857730999471,0.0,0.0,0.0,0.0,1.0,0.45335536987148906
nearest_memory,0,43,240,1.0,1.0,0.02323566634286109,0.023258897480616783,0.47378087762844623,0.43786163426810415,0.0,0.0,0.0,0.0,1.0,0.4416092203646062
nearest_memory,0,44,0,0.0,0.34444444444444444,0.4722013984574439,0.4722013984574439,-0.023449877669328135,-0.13465593523117037,0.0,0.0,0.005555555555555556,0.0,0.0,0.0
nearest_memory,0,44,20,1.0,1.0,0.06920131050633707,0.0690750772287267,0.42101315754459695,0.3782993860427887,0.0,0.0,0.0,0.0,1.0,0.43034925464693935
nearest_memory,0,44,40,1.0,1.0,0.04719625146184568,0.0471963334753227,0.44647300322784766,0.40289666013332526,0.0,0.0,0.0,0.0,1.0,0.4436759808493444
nearest_memory,0,44,60,1.0,1.0,0.036432820915496496,0.03643272465999724,0.45921117245971854,0.41381097696099006,0.0,0.0,0.0,0.0,1.0,0.4547281674351857
nearest_memory,0,44,80,1.0,1.0,0.033522619929063434,0.033557004735761745,0.46264003843625634,0.4073490088986165,0.0,0.0,0.0,0.0,1.0,0.44925365608898316
nearest_memory,0,44,100,1.0,1.0,0.03545152177491894,0.03545148187857511,0.46057671743437917,0.400070208281258,0.0,0.0,0.0,0.0,1.0,0.44468615419442364
nearest_memory,0,44,120,1.0,1.0,0.031770550960949016,0.031770524111530245,0.4644786913819088,0.4131675274882916,0.0,0.0,0.0,0.0,1.0,0.44441397097343394
nearest_memory,0,44,140,1.0,1.0,0.026446114817650197,0.026659159383650117,0.47030156597251105,0.4384414191834021,0.0,0.0,0.0,0.0,1.0,0.45230249456273885
nearest_memory,0,44,160,1.0,1.0,0.028928752554525133,0.02893655125228038,0.4674463600191051,0.42646650134982206,0.0,0.0,0.0,0.0,1.0,0.4426404282458313
nearest_memory,0,44,180,1.0,1.0,0.029005758055570662,0.028984134933760553,0.4674189652959678,0.4265667811032693,0.0,0.0,0.0,0.0,1.0,0.4462574620612934
nearest_memory,0,44,200,1.0,1.0,0.02371373056928428,0.023773419408877425,0.47328121993257244,0.44237465297553324,0.0,0.0,0.0,0.0,1.0,0.44353334891909574
nearest_memory,0,44,220,1.0,1.0,0.02663694935713403,0.026721419360757892,0.47000043920609125,0.4402418886427754,0.0,0.0,0.0,0.0,1.0,0.4470395091832928
nearest_memory,0,44,240,1.0,1.0,0.024427030347952176,0.024452950834739192,0.47233391405525543,0.4399562964002705,0.0,0.0,0.0,0.0,1.0,0.441254972912085
nearest_memory,0,45,0,0.0,0.3,0.4833590958797648,0.4833590958797648,-0.03623141613602919,-0.1317682148026554,0.0,0.0,0.011111111111111112,0.0,0.0,0.0
nearest_memory,0,45,20,1.0,1.0,0.06366984657393616,0.06386381161612024,0.42974889443263825,0.3569238043928856,0.0,0.0,0.0,0.0,1.0,0.45756642516256946
nearest_memory,0,45,40,1.0,1.0,0.04607958668153934,0.04597876388957584,0.4487671847242289,0.3695361823346614,0.0,0.0,0.0,0.0,1.0,0.4558019090474318
nearest_memory,0,45,60,1.0,1.0,0.03843673083993405,0.0382201552275933,0.457150217362908,0.41753920143143924,0.0,0.0,0.0,0.0,1.0,0.44379639704772195
nearest_memory,0,45,80,1.0,1.0,0.03328545426106102,0.03316754783637347,0.4623233373853745,0.4224489716734139,0.0,0.0,0.0,0.0,1.0,0.4396286687824542
nearest_memory,0,45,100,1.0,1.0,0.034069447953179385,0.03406947679831315,0.46132732347105393,0.4099411913057534,0.0,0.0,0.0,0.0,1.0,0.4375338397951726
nearest_memory,0,45,120,1.0,1.0,0.027717511896192013,0.02784080190576237,0.4687341748618052,0.4548586656643979,0.0,0.0,0.0,0.0,1.0,0.44307180375843147
nearest_memory,0,45,140,1.0,1.0,0.023077955121198552,0.023077970125474984,0.47390884708734177,0.4485213499482979,0.0,0.0,0.0,0.0,1.0,0.4364201109074381
nearest_memory,0,45,160,1.0,1.0,0.023046384570739376,0.022977861761120582,0.4740856106603147,0.45687156400164486,0.0,0.0,0.0,0.0,1.0,0.44023259491649896
nearest_memory,0,45,180,1.0,1.0,0.018954281932320724,0.019064858867417413,0.4784605318560882,0.4651893958610603,0.0,0.0,0.0,0.0,1.0,0.44337291106324367
nearest_memory,0,45,200,1.0,1.0,0.02162246888780528,0.021658964084751195,0.4756758144688964,0.4616840081068695,0.0,0.0,0.0,0.0,1.0,0.4413123421072462
nearest_memory,0,45,220,1.0,1.0,0.02072897539742054,0.020693586654494913,0.4765203324715861,0.4606869232900101,0.0,0.0,0.0,0.0,1.0,0.4380729020798834
nearest_memory,0,45,240,1.0,1.0,0.020944882550136355,0.02100016151736038,0.47627121921428245,0.46127165451452257,0.0,0.0,0.0,0.0,1.0,0.44117435929484433
nearest_memory,1,41,0,0.0,0.24444444444444444,0.49189047298745264,0.49189047298745264,-0.045508308824956226,-0.13541253663808722,0.0,0.0,0.011111111111111112,0.0,0.0,0.0
nearest_memory,1,41,20,1.0,1.0,0.057314931746750356,0.057219457831755895,0.4359971167797729,0.3582283403432734,0.0,0.0,0.0,0.0,1.0,0.4712350100239364
nearest_memory,1,41,40,1.0,1.0,0.041866523129052556,0.04181079584950825,0.4519961188530865,0.3899218247080717,0.0,0.0,0.0,0.0,1.0,0.4540663838038671
nearest_memory,1,41,60,1.0,1.0,0.04499955710622044,0.04499939692200714,0.44842433284029426,0.37838525204045464,0.0,0.0,0.0,0.0,1.0,0.4466151473265051
nearest_memory,1,41,80,1.0,1.0,0.034408479919377816,0.034408579270805706,0.46056420707927515,0.4073376401493769,0.0,0.0,0.0,0.0,1.0,0.444424332404649
nearest_memory,1,41,100,1.0,1.0,0.027280411059598778,0.027323001147994973,0.46889074684296295,0.4293423263607133,0.0,0.0,0.0,0.0,1.0,0.4441276493497946
nearest_memory,1,41,120,1.0,1.0,0.02718035349757619,0.027165274563839503,0.4691693644884195,0.44218915425870636,0.0,0.0,0.0,0.0,1.0,0.4473592632209305
nearest_memory,1,41,140,1.0,1.0,0.023734865159733835,0.023753595092092163,0.4730945916448074,0.4535800961410001,0.0,0.0,0.0,0.0,1.0,0.44495833312696226
nearest_memory,1,41,160,1.0,1.0,0.026612368541050507,0.026657923924345187,0.46976912795480785,0.42821435726673623,0.0,0.0,0.0,0.0,1.0,0.43851891200669085
nearest_memory,1,41,180,1.0,1.0,0.02740527230974456,0.02749364767476221,0.4689421265677917,0.42700412979423125,0.0,0.0,0.0,0.0,1.0,0.43581389366569473
nearest_memory,1,41,200,1.0,1.0,0.02114593807716895,0.021189974389005276,0.4758814334086813,0.4488262258515033,0.0,0.0,0.0,0.0,1.0,0.4389771258221616
nearest_memory,1,41,220,1.0,1.0,0.021477856965111636,0.021516856847613446,0.4755998084532151,0.4547931276018461,0.0,0.0,0.0,0.0,1.0,0.4350974911728028
nearest_memory,1,41,240,1.0,1.0,0.02024182680840194,0.020309111703977048,0.4770802419176162,0.4562336869813379,0.0,0.0,0.0,0.0,1.0,0.4336841179053977
nearest_memory,1,42,0,0.0,0.25555555555555554,0.4930903064253122,0.4930903064253122,-0.04675568500823546,-0.1369111334196786,0.0,0.0,0.005555555555555556,0.0,0.0,0.0
nearest_memory,1,42,20,1.0,1.0,0.04832345628547405,0.048323445793517474,0.4452109984329349,0.40439805542691964,0.0,0.0,0.0,0.0,1.0,0.4694921308410651
nearest_memory,1,42,40,1.0,1.0,0.033489567696251527,0.03328809953016801,0.46198692438408784,0.4176534518888991,0.0,0.0,0.0,0.0,1.0,0.4464737137586479
nearest_memory,1,42,60,1.0,1.0,0.027345293247656048,0.02745226370371804,0.46920108083240925,0.439086841081903,0.0,0.0,0.0,0.0,1.0,0.4555963897365596
nearest_memory,1,42,80,1.0,1.0,0.031104140137393498,0.031104137276999476,0.4645662232309887,0.4268907139550167,0.0,0.0,0.0,0.0,1.0,0.44644012637183916
nearest_memory,1,42,100,1.0,1.0,0.028703526696516452,0.028678096149918883,0.46742212287959956,0.4314764670959629,0.0,0.0,0.0,0.0,1.0,0.444421590699841
nearest_memory,1,42,120,1.0,1.0,0.025447827432644093,0.02547991210904118,0.47084089636524146,0.4505037999039356,0.0,0.0,0.0,0.0,1.0,0.4500329526815805
nearest_memory,1,42,140,1.0,1.0,0.025071661456645918,0.025069208454532744,0.47125235940629057,0.4442930024032172,0.0,0.0,0.0,0.0,1.0,0.4515226018892045
nearest_memory,1,42,160,1.0,1.0,0.026577459586763878,0.026599302157427365,0.4696154592943922,0.44278227517258534,0.0,0.0,0.0,0.0,1.0,0.4391839091540346
nearest_memory,1,42,180,1.0,1.0,0.0267037508676692,0.026678811720527613,0.4693964791620627,0.44876856506898155,0.0,0.0,0.0,0.0,1.0,0.4438663373608752
nearest_memory,1,42,200,1.0,1.0,0.02128078256085654,0.02128846580491093,0.47569112326023516,0.45945620474720605,0.0,0.0,0.0,0.0,1.0,0.44519599990729847
nearest_memory,1,42,220,1.0,1.0,0.0223429980254021,0.0224333830674251,0.474419955464961,0.4543846881749044,0.0,0.0,0.0,0.0,1.0,0.4517170555307541
nearest_memory,1,42,240,1.0,1.0,0.023580439933650194,0.023562744972140226,0.47322104407776683,0.4488764135338798,0.0,0.0,0.0,0.0,1.0,0.4413513248232295
nearest_memory,1,43,0,0.0,0.3055555555555556,0.4821265347623354,0.4821265347623354,-0.03461580529066658,-0.13393737802025873,0.0,0.0,0.005555555555555556,0.0,0.0,0.0
nearest_memory,1,43,20,1.0,1.0,0.062219786910077915,0.061972547580948265,0.4304641647734199,0.3514661730760453,0.0,0.0,0.0,0.0,1.0,0.46637013409812356
nearest_memory,1,43,40,1.0,1.0,0.04534784174925264,0.04534783189906818,0.449321219873597,0.3904222034449566,0.0,0.0,0.0,0.0,1.0,0.4535474919009441
nearest_memory,1,43,60,1.0,1.0,0.031210038051243495,0.031227723566991303,0.4649759084191593,0.42035730915305697,0.0,0.0,0.0,0.0,1.0,0.4567573690351757
nearest_memory,1,43,80,1.0,1.0,0.02773628240198509,0.02775392202563265,0.46859807488284494,0.42046532366039324,0.0,0.0,0.0,0.0,1.0,0.4469772405155014
nearest_memory,1,43,100,1.0,1.0,0.026239633930990575,0.026239636790597192,0.4704721346460084,0.43087155891039103,0.0,0.0,0.0,0.0,1.0,0.449089967325721
nearest_memory,1,43,120,1.0,1.0,0.025039967733366704,0.02504782738547997,0.4718127058351892,0.4331765553356457,0.0,0.0,0.0,0.0,1.0,0.4462598759405187
nearest_memory,1,43,140,1.0,1.0,0.02982329204111248,0.029778832895572,0.4663456483664662,0.4185690123873025,0.0,0.0,0.0,0.0,1.0,0.4453161541595065
nearest_memory,1,43,160,1.0,1.0,0.02439556396135436,0.02439563055243991,0.47228348975409046,0.4418723122171641,0.0,0.0,0.0,0.0,1.0,0.44067806765283835
nearest_memory,1,43,180,1.0,1.0,0.02661709759566615,0.026667734293430712,0.4700548237361413,0.4266810173650307,0.0,0.0,0.0,0.0,1.0,0.4424680485336557
nearest_memory,1,43,200,1.0,1.0,0.02404363808980208,0.024011115850742313,0.4729387733500171,0.44410942946476173,0.0,0.0,0.0,0.0,1.0,0.4415190777013866
nearest_memory,1,43,220,1.0,1.0,0.02231918339783198,0.02238340567601122,0.47485386030621796,0.450857730999471,0.0,0.0,0.0,0.0,1.0,0.45335536987148906
nearest_memory,1,43,240,1.0,1.0,0.02323566634286109,0.023258897480616783,0.47378087762844623,0.43786163426810415,0.0,0.0,0.0,0.0,1.0,0.4416092203646062
nearest_memory,1,44,0,0.0,0.34444444444444444,0.4722013984574439,0.4722013984574439,-0.023449877669328135,-0.13465593523117037,0.0,0.0,0.005555555555555556,0.0,0.0,0.0
nearest_memory,1,44,20,1.0,1.0,0.06920131050633707,0.0690750772287267,0.42101315754459695,0.3782993860427887,0.0,0.0,0.0,0.0,1.0,0.43034925464693935
nearest_memory,1,44,40,1.0,1.0,0.04719625146184568,0.0471963334753227,0.44647300322784766,0.40289666013332526,0.0,0.0,0.0,0.0,1.0,0.4436759808493444
nearest_memory,1,44,60,1.0,1.0,0.036432820915496496,0.03643272465999724,0.45921117245971854,0.41381097696099006,0.0,0.0,0.0,0.0,1.0,0.4547281674351857
nearest_memory,1,44,80,1.0,1.0,0.033522619929063434,0.033557004735761745,0.46264003843625634,0.4073490088986165,0.0,0.0,0.0,0.0,1.0,0.44925365608898316
nearest_memory,1,44,100,1.0,1.0,0.03545152177491894,0.03545148187857511,0.46057671743437917,0.400070208281258,0.0,0.0,0.0,0.0,1.0,0.44468615419442364
nearest_memory,1,44,120,1.0,1.0,0.031770550960949016,0.031770524111530245,0.4644786913819088,0.4131675274882916,0.0,0.0,0.0,0.0,1.0,0.44441397097343394
nearest_memory,1,44,140,1.0,1.0,0.026446114817650197,0.026659159383650117,0.47030156597251105,0.4384414191834021,0.0,0.0,0.0,0.0,1.0,0.45230249456273885
nearest_memory,1,44,160,1.0,1.0,0.028928752554525133,0.02893655125228038,0.4674463600191051,0.42646650134982206,0.0,0.0,0.0,0.0,1.0,0.4426404282458313
nearest_memory,1,44,180,1.0,1.0,0.029005758055570662,0.028984134933760553,0.4674189652959678,0.4265667811032693,0.0,0.0,0.0,0.0,1.0,0.4462574620612934
nearest_memory,1,44,200,1.0,1.0,0.02371373056928428,0.023773419408877425,0.47328121993257244,0.44237465297553324,0.0,0.0,0.0,0.0,1.0,0.44353334891909574
nearest_memory,1,44,220,1.0,1.0,0.02663694935713403,0.026721419360757892,0.47000043920609125,0.4402418886427754,0.0,0.0,0.0,0.0,1.0,0.4470395091832928
nearest_memory,1,44,240,1.0,1.0,0.024427030347952176,0.024452950834739192,0.47233391405525543,0.4399562964002705,0.0,0.0,0.0,0.0,1.0,0.441254972912085
nearest_memory,1,45,0,0.0,0.3,0.4833590958797648,0.4833590958797648,-0.03623141613602919,-0.1317682148026554,0.0,0.0,0.011111111111111112,0.0,0.0,0.0
nearest_memory,1,45,20,1.0,1.0,0.06366984657393616,0.06386381161612024,0.42974889443263825,0.3569238043928856,0.0,0.0,0.0,0.0,1.0,0.45756642516256946
nearest_memory,1,45,40,1.0,1.0,0.04607958668153934,0.04597876388957584,0.4487671847242289,0.3695361823346614,0.0,0.0,0.0,0.0,1.0,0.4558019090474318
nearest_memory,1,45,60,1.0,1.0,0.03843673083993405,0.0382201552275933,0.457150217362908,0.41753920143143924,0.0,0.0,0.0,0.0,1.0,0.44379639704772195
nearest_memory,1,45,80,1.0,1.0,0.03328545426106102,0.03316754783637347,0.4623233373853745,0.4224489716734139,0.0,0.0,0.0,0.0,1.0,0.4396286687824542
nearest_memory,1,45,100,1.0,1.0,0.034069447953179385,0.03406947679831315,0.46132732347105393,0.4099411913057534,0.0,0.0,0.0,0.0,1.0,0.4375338397951726
nearest_memory,1,45,120,1.0,1.0,0.027717511896192013,0.02784080190576237,0.4687341748618052,0.4548586656643979,0.0,0.0,0.0,0.0,1.0,0.44307180375843147
nearest_memory,1,45,140,1.0,1.0,0.023077955121198552,0.023077970125474984,0.47390884708734177,0.4485213499482979,0.0,0.0,0.0,0.0,1.0,0.4364201109074381
nearest_memory,1,45,160,1.0,1.0,0.023046384570739376,0.022977861761120582,0.4740856106603147,0.45687156400164486,0.0,0.0,0.0,0.0,1.0,0.44023259491649896
nearest_memory,1,45,180,1.0,1.0,0.018954281932320724,0.019064858867417413,0.4784605318560882,0.4651893958610603,0.0,0.0,0.0,0.0,1.0,0.44337291106324367
nearest_memory,1,45,200,1.0,1.0,0.02162246888780528,0.021658964084751195,0.4756758144688964,0.4616840081068695,0.0,0.0,0.0,0.0,1.0,0.4413123421072462
nearest_memory,1,45,220,1.0,1.0,0.02072897539742054,0.020693586654494913,0.4765203324715861,0.4606869232900101,0.0,0.0,0.0,0.0,1.0,0.4380729020798834
nearest_memory,1,45,240,1.0,1.0,0.020944882550136355,0.02100016151736038,0.47627121921428245,0.46127165451452257,0.0,0.0,0.0,0.0,1.0,0.44117435929484433
local_residual,0,41,0,0.0,0.24444444444444444,0.49189047298745264,0.49189047298745264,-0.045508308824956226,-0.13541253663808722,0.0,0.0,0.011111111111111112,0.0,0.0,0.0
local_residual,0,41,20,1.0,1.0,0.14419042843461702,0.1441901748566808,0.33466605993704285,0.26815239742911806,0.0,0.0,0.0,0.0,0.6593439029485726,0.31277733069948904
local_residual,0,41,40,1.0,1.0,0.09798947206638249,0.09798909138155758,0.3876540970086489,0.33528021046163975,0.0,0.0,0.0,0.0,0.7900228672383532,0.3645470765987352
local_residual,0,41,60,1.0,1.0,0.08258690873673577,0.08258669946524387,0.40586184431313355,0.3598395489620015,0.0,0.0,0.0,0.0,0.8460224542837012,0.3854867639615386
local_residual,0,41,80,1.0,1.0,0.07520717339634095,0.07520704507747852,0.4143318612597738,0.3742216949370521,0.0,0.0,0.0,0.0,0.881177609240262,0.402186334724042
local_residual,0,41,100,1.0,1.0,0.07355837741001603,0.07355830912669048,0.41628764844130656,0.3770176814257423,0.0,0.0,0.0,0.0,0.9038039484483311,0.406005219253799
local_residual,0,41,120,1.0,1.0,0.07532438408245652,0.07532436941413909,0.4142407826984678,0.3809952727537264,0.0,0.0,0.0,0.0,0.9185588371367778,0.41228778958719203
local_residual,0,41,140,1.0,1.0,0.07110961129177619,0.07110956198448307,0.4187876172568166,0.38218227151176903,0.0,0.0,0.0,0.0,0.9304333574208822,0.4173048254522888
local_residual,0,41,160,1.0,1.0,0.07191007506430894,0.07191007588385291,0.4177840650097061,0.37636713865122184,0.0,0.0,0.0,0.0,0.93468298319278,0.415846778889239
local_residual,0,41,180,1.0,1.0,0.07384011672976823,0.07384015648061165,0.41569126113299615,0.3738302581927027,0.0,0.0,0.0,0.0,0.9403824505035218,0.41789010451384434
local_residual,0,41,200,1.0,1.0,0.07242915326572683,0.0724291376257197,0.4171547455568927,0.38010631541697953,0.0,0.0,0.0,0.0,0.9485008356317874,0.41934999909137566
local_residual,0,41,220,1.0,1.0,0.07319696282039036,0.07319698155072782,0.41663109236479084,0.3598932579988971,0.0,0.0,0.0,0.0,0.9515279276827957,0.4196173464821421
local_residual,0,41,240,1.0,1.0,0.07100120118830541,0.07100120004874573,0.4186513820123906,0.38336672275134476,0.0,0.0,0.0,0.0,0.9565667670649955,0.4210066635995326
local_residual,0,42,0,0.0,0.25555555555555554,0.4930903064253122,0.4930903064253122,-0.04675568500823546,-0.1369111334196786,0.0,0.0,0.005555555555555556,0.0,0.0,0.0
local_residual,0,42,20,1.0,1.0,0.17922274661470056,0.17922249460722495,0.2963327176332405,0.24201375995100277,0.0,0.0,0.0,0.0,0.6499720920513465,0.29083104248291747
local_residual,0,42,40,1.0,1.0,0.1051986079321043,0.10519834664825062,0.3802142176592121,0.32015287124928427,0.0,0.0,0.0,0.0,0.7811250079899718,0.3443409374007835
local_residual,0,42,60,1.0,1.0,0.0922842217103086,0.09228395104809106,0.39411542092454455,0.34745621484728473,0.0,0.0,0.0,0.0,0.8478586866882017,0.3787061278841474
local_residual,0,42,80,1.0,1.0,0.07675147124981954,0.07675141063729297,0.4120890416776073,0.3666152090061892,0.0,0.0,0.0,0.0,0.8788288864596514,0.39465961921246223
local_residual,0,42,100,1.0,1.0,0.07744850762457062,0.07744853591037709,0.4112857622724519,0.3724608594210767,0.0,0.0,0.0,0.0,0.8991060352605545,0.404891743526747
local_residual,0,42,120,1.0,1.0,0.07243474984619239,0.0724346793656432,0.41766322482078916,0.3793691392595401,0.0,0.0,0.0,0.0,0.9163283983022463,0.4122633213670114
local_residual,0,42,140,1.0,1.0,0.07107562839888665,0.07107561629559232,0.41796810731863066,0.3881743895116423,0.0,0.0,0.0,0.0,0.927813309399006,0.4169553045737138
local_residual,0,42,160,1.0,1.0,0.0733690649609596,0.0733691081527032,0.41694207027673574,0.3755983195480302,0.0,0.0,0.0,0.0,0.9337115344466639,0.41913352254213393
local_residual,0,42,180,1.0,1.0,0.0726421792239358,0.07264222145506388,0.4166257247230887,0.3752056058412493,0.0,0.0,0.0,0.0,0.9417418852268926,0.4226154401561184
local_residual,0,42,200,1.0,1.0,0.06819565897728468,0.06819569054312492,0.42216214364388266,0.3895763608531652,0.0,0.0,0.0,0.0,0.9487170731181161,0.4267702565771884
local_residual,0,42,220,1.0,1.0,0.0663638334697528,0.06636385709320734,0.42382268301167314,0.3891025188658185,0.0,0.0,0.0,0.0,0.9527320145785385,0.42866474617725253
local_residual,0,42,240,1.0,1.0,0.06939878437786676,0.06939883561386953,0.42153657652351534,0.38995426437883113,0.0,0.0,0.0,0.0,0.9542900388095968,0.4270304409537063
local_residual,0,43,0,0.0,0.3055555555555556,0.4821265347623354,0.4821265347623354,-0.03461580529066658,-0.13393737802025873,0.0,0.0,0.005555555555555556,0.0,0.0,0.0
local_residual,0,43,20,1.0,1.0,0.1475210303162486,0.1475208078785399,0.3316538037415621,0.26163591205668046,0.0,0.0,0.0,0.0,0.6570832464655613,0.306884119329367
local_residual,0,43,40,1.0,1.0,0.09044086880308246,0.0904405384153197,0.39632833197784345,0.3398136923866656,0.0,0.0,0.0,0.0,0.789596337947662,0.36793631888331063
local_residual,0,43,60,1.0,1.0,0.08624565120517605,0.0862454282440131,0.40035230962953533,0.3512877934450442,0.0,0.0,0.0,0.0,0.8535703466886637,0.3895189436113853
local_residual,0,43,80,1.0,1.0,0.0709356792662229,0.07093551867206724,0.41844439901646463,0.37647049071605104,0.0,0.0,0.0,0.0,0.8817920774907567,0.4012584819131061
local_residual,0,43,100,1.0,1.0,0.07722787438206495,0.07722779712465463,0.4116429500432152,0.37356332644520096,0.0,0.0,0.0,0.0,0.905068072911979,0.4057612123552488
local_residual,0,43,120,1.0,1.0,0.07270380861730416,0.07270371601837267,0.416289401236115,0.38098382714819573,0.0,0.0,0.0,0.0,0.918431672725403,0.4138061319414587
local_residual,0,43,140,1.0,1.0,0.0744095704230037,0.0744095321916154,0.41504593001510415,0.37447984947752605,0.0,0.0,0.0,0.0,0.9258633084700018,0.4210132241327156
local_residual,0,43,160,1.0,1.0,0.069780389592642,0.06978041165224003,0.4205873448645832,0.36250780709335007,0.0,0.0,0.0,0.0,0.9366112251055325,0.42773120412379706
local_residual,0,43,180,1.0,1.0,0.0709252985544626,0.07092530213915313,0.4188897075644282,0.3801646106599873,0.0,0.0,0.0,0.0,0.9425827922626685,0.42755180247552665
local_residual,0,43,200,1.0,1.0,0.06911076071303715,0.06911081778464169,0.42153276651292987,0.3658266240027615,0.0,0.0,0.0,0.0,0.9485207284027496,0.4281329044338993
local_residual,0,43,220,1.0,1.0,0.06730274535348574,0.06730273932082517,0.4227136813980805,0.3871646552105528,0.0,0.0,0.0,0.0,0.9541634058819306,0.43110723817565755
local_residual,0,43,240,1.0,1.0,0.06791774228225654,0.06791777144137645,0.42213812005665663,0.3801011522338796,0.0,0.0,0.0,0.0,0.9563834975004628,0.4325498628451104
local_residual,0,44,0,0.0,0.34444444444444444,0.4722013984574439,0.4722013984574439,-0.023449877669328135,-0.13465593523117037,0.0,0.0,0.005555555555555556,0.0,0.0,0.0
local_residual,0,44,20,1.0,1.0,0.171040329961399,0.17104024702521622,0.3034059855082646,0.22522975041183294,0.0,0.0,0.0,0.0,0.6443348888530156,0.28397497858197335
local_residual,0,44,40,1.0,1.0,0.11093961175094355,0.11093923663141451,0.37148820669260246,0.29921295836428363,0.0,0.0,0.0,0.0,0.7935539163629084,0.35245495867390375
local_residual,0,44,60,1.0,1.0,0.09358990053188114,0.09358966613932126,0.3914834206471202,0.33944303755270766,0.0,0.0,0.0,0.0,0.8515101620726152,0.37887687128513287
local_residual,0,44,80,1.0,1.0,0.07914910235975989,0.07914891588287706,0.4087381301818509,0.3613202052388361,0.0,0.0,0.0,0.0,0.8798383815178227,0.3943094888628391
local_residual,0,44,100,1.0,1.0,0.07326771124815847,0.07326726163014523,0.4159947514312285,0.37510178110468567,0.0,0.0,0.0,0.0,0.9016531572371236,0.4046170227548812
local_residual,0,44,120,1.0,1.0,0.07751103964576526,0.07751106832566387,0.4110286500226323,0.37478151118357084,0.0,0.0,0.0,0.0,0.9183225625564527,0.412628872841899
local_residual,0,44,140,1.0,1.0,0.07268373754869682,0.07268367765308795,0.41652130216934263,0.3818220173770988,0.0,0.0,0.0,0.0,0.930659511015815,0.41764901111506386
local_residual,0,44,160,1.0,1.0,0.07213488737133596,0.07213489060304279,0.41725157473140073,0.3780961159195348,0.0,0.0,0.0,0.0,0.9363695129519152,0.4192599973911275
local_residual,0,44,180,1.0,1.0,0.07181569377297345,0.07181563376806016,0.4182277043428534,0.38367625222910984,0.0,0.0,0.0,0.0,0.9416235765529396,0.42256465141041016
local_residual,0,44,200,1.0,1.0,0.0696677054546371,0.06966771030682278,0.4202121241657615,0.38376749117733455,0.0,0.0,0.0,0.0,0.9490864564435144,0.4259795470004778
local_residual,0,44,220,1.0,1.0,0.07239145239586313,0.07239145796444267,0.41716887660516244,0.3836917577224801,0.0,0.0,0.0,0.0,0.9521594509634047,0.4262797476703248
local_residual,0,44,240,1.0,1.0,0.07114303913733022,0.07114303782576945,0.4187250637369214,0.37589103790290895,0.0,0.0,0.0,0.0,0.9561329274679576,0.4263203509070471
local_residual,0,45,0,0.0,0.3,0.4833590958797648,0.4833590958797648,-0.03623141613602919,-0.1317682148026554,0.0,0.0,0.011111111111111112,0.0,0.0,0.0
local_residual,0,45,20,1.0,1.0,0.14675859864379073,0.1467583392495469,0.33229963167238924,0.2635547504176803,0.0,0.0,0.0,0.0,0.6534819706695925,0.3040736467016715
local_residual,0,45,40,1.0,1.0,0.0908700565848661,0.09086982987392073,0.3954571211582515,0.3374353338378643,0.0,0.0,0.0,0.0,0.7972027994703499,0.3722088759369602
local_residual,0,45,60,1.0,1.0,0.07942253781840461,0.07942239782378545,0.4088584519631177,0.35242229320865803,0.0,0.0,0.0,0.0,0.8516968433793773,0.38614439212884927
local_residual,0,45,80,1.0,1.0,0.07856285266500344,0.07856280496150982,0.4090710293092296,0.3604810295565291,0.0,0.0,0.0,0.0,0.8830792195529997,0.39659272089188
local_residual,0,45,100,1.0,1.0,0.07886809641491604,0.07886807936922913,0.40995384790750033,0.3678357213096247,0.0,0.0,0.0,0.0,0.901951422179943,0.40256221905556183
local_residual,0,45,120,1.0,1.0,0.07759010497076116,0.07759004776489084,0.4116307429867362,0.3775544126221295,0.0,0.0,0.0,0.0,0.9178330000999899,0.4108221823699649
local_residual,0,45,140,1.0,1.0,0.06936243458619455,0.06936235987884518,0.42107252813894275,0.3838340174970939,0.0,0.0,0.0,0.0,0.9281509709973387,0.41351038601395396
local_residual,0,45,160,1.0,1.0,0.07299968029959475,0.07299965497088742,0.41638304975009927,0.3756529173495586,0.0,0.0,0.0,0.0,0.9374800471145073,0.417386392996728
local_residual,0,45,180,1.0,1.0,0.06787577299638661,0.06787570304586027,0.4223738468666639,0.38772222371811416,0.0,0.0,0.0,0.0,0.945285190134153,0.42230484178089794
local_residual,0,45,200,1.0,1.0,0.06946185827798829,0.06946183137003498,0.4207398076950314,0.3809291208541253,0.0,0.0,0.0,0.0,0.9489762292170825,0.4240972851005518
local_residual,0,45,220,1.0,1.0,0.06909732265571328,0.06909728148214538,0.4213133428767209,0.38230788842191304,0.0,0.0,0.0,0.0,0.9530234970491708,0.4244033792192779
local_residual,0,45,240,1.0,1.0,0.06834275980188077,0.0683427474378494,0.4219983518135551,0.3927926512932728,0.0,0.0,0.0,0.0,0.9570725758885961,0.4259189442734773
local_residual,1,41,0,0.0,0.24444444444444444,0.49189047298745264,0.49189047298745264,-0.045508308824956226,-0.13541253663808722,0.0,0.0,0.011111111111111112,0.0,0.0,0.0
local_residual,1,41,20,1.0,1.0,0.14419042843461702,0.1441901748566808,0.33466605993704285,0.26815239742911806,0.0,0.0,0.0,0.0,0.6593439029485726,0.31277733069948904
local_residual,1,41,40,1.0,1.0,0.09798947206638249,0.09798909138155758,0.3876540970086489,0.33528021046163975,0.0,0.0,0.0,0.0,0.7900228672383532,0.3645470765987352
local_residual,1,41,60,1.0,1.0,0.08258690873673577,0.08258669946524387,0.40586184431313355,0.3598395489620015,0.0,0.0,0.0,0.0,0.8460224542837012,0.3854867639615386
local_residual,1,41,80,1.0,1.0,0.07520717339634095,0.07520704507747852,0.4143318612597738,0.3742216949370521,0.0,0.0,0.0,0.0,0.881177609240262,0.402186334724042
local_residual,1,41,100,1.0,1.0,0.07355837741001603,0.07355830912669048,0.41628764844130656,0.3770176814257423,0.0,0.0,0.0,0.0,0.9038039484483311,0.406005219253799
local_residual,1,41,120,1.0,1.0,0.07532438408245652,0.07532436941413909,0.4142407826984678,0.3809952727537264,0.0,0.0,0.0,0.0,0.9185588371367778,0.41228778958719203
local_residual,1,41,140,1.0,1.0,0.07110961129177619,0.07110956198448307,0.4187876172568166,0.38218227151176903,0.0,0.0,0.0,0.0,0.9304333574208822,0.4173048254522888
local_residual,1,41,160,1.0,1.0,0.07191007506430894,0.07191007588385291,0.4177840650097061,0.37636713865122184,0.0,0.0,0.0,0.0,0.93468298319278,0.415846778889239
local_residual,1,41,180,1.0,1.0,0.07384011672976823,0.07384015648061165,0.41569126113299615,0.3738302581927027,0.0,0.0,0.0,0.0,0.9403824505035218,0.41789010451384434
local_residual,1,41,200,1.0,1.0,0.07242915326572683,0.0724291376257197,0.4171547455568927,0.38010631541697953,0.0,0.0,0.0,0.0,0.9485008356317874,0.41934999909137566
local_residual,1,41,220,1.0,1.0,0.07319696282039036,0.07319698155072782,0.41663109236479084,0.3598932579988971,0.0,0.0,0.0,0.0,0.9515279276827957,0.4196173464821421
local_residual,1,41,240,1.0,1.0,0.07100120118830541,0.07100120004874573,0.4186513820123906,0.38336672275134476,0.0,0.0,0.0,0.0,0.9565667670649955,0.4210066635995326
local_residual,1,42,0,0.0,0.25555555555555554,0.4930903064253122,0.4930903064253122,-0.04675568500823546,-0.1369111334196786,0.0,0.0,0.005555555555555556,0.0,0.0,0.0
local_residual,1,42,20,1.0,1.0,0.17922274661470056,0.17922249460722495,0.2963327176332405,0.24201375995100277,0.0,0.0,0.0,0.0,0.6499720920513465,0.29083104248291747
local_residual,1,42,40,1.0,1.0,0.1051986079321043,0.10519834664825062,0.3802142176592121,0.32015287124928427,0.0,0.0,0.0,0.0,0.7811250079899718,0.3443409374007835
local_residual,1,42,60,1.0,1.0,0.0922842217103086,0.09228395104809106,0.39411542092454455,0.34745621484728473,0.0,0.0,0.0,0.0,0.8478586866882017,0.3787061278841474
local_residual,1,42,80,1.0,1.0,0.07675147124981954,0.07675141063729297,0.4120890416776073,0.3666152090061892,0.0,0.0,0.0,0.0,0.8788288864596514,0.39465961921246223
local_residual,1,42,100,1.0,1.0,0.07744850762457062,0.07744853591037709,0.4112857622724519,0.3724608594210767,0.0,0.0,0.0,0.0,0.8991060352605545,0.404891743526747
local_residual,1,42,120,1.0,1.0,0.07243474984619239,0.0724346793656432,0.41766322482078916,0.3793691392595401,0.0,0.0,0.0,0.0,0.9163283983022463,0.4122633213670114
local_residual,1,42,140,1.0,1.0,0.07107562839888665,0.07107561629559232,0.41796810731863066,0.3881743895116423,0.0,0.0,0.0,0.0,0.927813309399006,0.4169553045737138
local_residual,1,42,160,1.0,1.0,0.0733690649609596,0.0733691081527032,0.41694207027673574,0.3755983195480302,0.0,0.0,0.0,0.0,0.9337115344466639,0.41913352254213393
local_residual,1,42,180,1.0,1.0,0.0726421792239358,0.07264222145506388,0.4166257247230887,0.3752056058412493,0.0,0.0,0.0,0.0,0.9417418852268926,0.4226154401561184
local_residual,1,42,200,1.0,1.0,0.06819565897728468,0.06819569054312492,0.42216214364388266,0.3895763608531652,0.0,0.0,0.0,0.0,0.9487170731181161,0.4267702565771884
local_residual,1,42,220,1.0,1.0,0.0663638334697528,0.06636385709320734,0.42382268301167314,0.3891025188658185,0.0,0.0,0.0,0.0,0.9527320145785385,0.42866474617725253
local_residual,1,42,240,1.0,1.0,0.06939878437786676,0.06939883561386953,0.42153657652351534,0.38995426437883113,0.0,0.0,0.0,0.0,0.9542900388095968,0.4270304409537063
local_residual,1,43,0,0.0,0.3055555555555556,0.4821265347623354,0.4821265347623354,-0.03461580529066658,-0.13393737802025873,0.0,0.0,0.005555555555555556,0.0,0.0,0.0
local_residual,1,43,20,1.0,1.0,0.1475210303162486,0.1475208078785399,0.3316538037415621,0.26163591205668046,0.0,0.0,0.0,0.0,0.6570832464655613,0.306884119329367
local_residual,1,43,40,1.0,1.0,0.09044086880308246,0.0904405384153197,0.39632833197784345,0.3398136923866656,0.0,0.0,0.0,0.0,0.789596337947662,0.36793631888331063
local_residual,1,43,60,1.0,1.0,0.08624565120517605,0.0862454282440131,0.40035230962953533,0.3512877934450442,0.0,0.0,0.0,0.0,0.8535703466886637,0.3895189436113853
local_residual,1,43,80,1.0,1.0,0.0709356792662229,0.07093551867206724,0.41844439901646463,0.37647049071605104,0.0,0.0,0.0,0.0,0.8817920774907567,0.4012584819131061
local_residual,1,43,100,1.0,1.0,0.07722787438206495,0.07722779712465463,0.4116429500432152,0.37356332644520096,0.0,0.0,0.0,0.0,0.905068072911979,0.4057612123552488
local_residual,1,43,120,1.0,1.0,0.07270380861730416,0.07270371601837267,0.416289401236115,0.38098382714819573,0.0,0.0,0.0,0.0,0.918431672725403,0.4138061319414587
local_residual,1,43,140,1.0,1.0,0.0744095704230037,0.0744095321916154,0.41504593001510415,0.37447984947752605,0.0,0.0,0.0,0.0,0.9258633084700018,0.4210132241327156
local_residual,1,43,160,1.0,1.0,0.069780389592642,0.06978041165224003,0.4205873448645832,0.36250780709335007,0.0,0.0,0.0,0.0,0.9366112251055325,0.42773120412379706
local_residual,1,43,180,1.0,1.0,0.0709252985544626,0.07092530213915313,0.4188897075644282,0.3801646106599873,0.0,0.0,0.0,0.0,0.9425827922626685,0.42755180247552665
local_residual,1,43,200,1.0,1.0,0.06911076071303715,0.06911081778464169,0.42153276651292987,0.3658266240027615,0.0,0.0,0.0,0.0,0.9485207284027496,0.4281329044338993
local_residual,1,43,220,1.0,1.0,0.06730274535348574,0.06730273932082517,0.4227136813980805,0.3871646552105528,0.0,0.0,0.0,0.0,0.9541634058819306,0.43110723817565755
local_residual,1,43,240,1.0,1.0,0.06791774228225654,0.06791777144137645,0.42213812005665663,0.3801011522338796,0.0,0.0,0.0,0.0,0.9563834975004628,0.4325498628451104
local_residual,1,44,0,0.0,0.34444444444444444,0.4722013984574439,0.4722013984574439,-0.023449877669328135,-0.13465593523117037,0.0,0.0,0.005555555555555556,0.0,0.0,0.0
local_residual,1,44,20,1.0,1.0,0.171040329961399,0.17104024702521622,0.3034059855082646,0.22522975041183294,0.0,0.0,0.0,0.0,0.6443348888530156,0.28397497858197335
local_residual,1,44,40,1.0,1.0,0.11093961175094355,0.11093923663141451,0.37148820669260246,0.29921295836428363,0.0,0.0,0.0,0.0,0.7935539163629084,0.35245495867390375
local_residual,1,44,60,1.0,1.0,0.09358990053188114,0.09358966613932126,0.3914834206471202,0.33944303755270766,0.0,0.0,0.0,0.0,0.8515101620726152,0.37887687128513287
local_residual,1,44,80,1.0,1.0,0.07914910235975989,0.07914891588287706,0.4087381301818509,0.3613202052388361,0.0,0.0,0.0,0.0,0.8798383815178227,0.3943094888628391
local_residual,1,44,100,1.0,1.0,0.07326771124815847,0.07326726163014523,0.4159947514312285,0.37510178110468567,0.0,0.0,0.0,0.0,0.9016531572371236,0.4046170227548812
local_residual,1,44,120,1.0,1.0,0.07751103964576526,0.07751106832566387,0.4110286500226323,0.37478151118357084,0.0,0.0,0.0,0.0,0.9183225625564527,0.412628872841899
local_residual,1,44,140,1.0,1.0,0.07268373754869682,0.07268367765308795,0.41652130216934263,0.3818220173770988,0.0,0.0,0.0,0.0,0.930659511015815,0.41764901111506386
local_residual,1,44,160,1.0,1.0,0.07213488737133596,0.07213489060304279,0.41725157473140073,0.3780961159195348,0.0,0.0,0.0,0.0,0.9363695129519152,0.4192599973911275
local_residual,1,44,180,1.0,1.0,0.07181569377297345,0.07181563376806016,0.4182277043428534,0.38367625222910984,0.0,0.0,0.0,0.0,0.9416235765529396,0.42256465141041016
local_residual,1,44,200,1.0,1.0,0.0696677054546371,0.06966771030682278,0.4202121241657615,0.38376749117733455,0.0,0.0,0.0,0.0,0.9490864564435144,0.4259795470004778
local_residual,1,44,220,1.0,1.0,0.07239145239586313,0.07239145796444267,0.41716887660516244,0.3836917577224801,0.0,0.0,0.0,0.0,0.9521594509634047,0.4262797476703248
local_residual,1,44,240,1.0,1.0,0.07114303913733022,0.07114303782576945,0.4187250637369214,0.37589103790290895,0.0,0.0,0.0,0.0,0.9561329274679576,0.4263203509070471
local_residual,1,45,0,0.0,0.3,0.4833590958797648,0.4833590958797648,-0.03623141613602919,-0.1317682148026554,0.0,0.0,0.011111111111111112,0.0,0.0,0.0
local_residual,1,45,20,1.0,1.0,0.14675859864379073,0.1467583392495469,0.33229963167238924,0.2635547504176803,0.0,0.0,0.0,0.0,0.6534819706695925,0.3040736467016715
local_residual,1,45,40,1.0,1.0,0.0908700565848661,0.09086982987392073,0.3954571211582515,0.3374353338378643,0.0,0.0,0.0,0.0,0.7972027994703499,0.3722088759369602
local_residual,1,45,60,1.0,1.0,0.07942253781840461,0.07942239782378545,0.4088584519631177,0.35242229320865803,0.0,0.0,0.0,0.0,0.8516968433793773,0.38614439212884927
local_residual,1,45,80,1.0,1.0,0.07856285266500344,0.07856280496150982,0.4090710293092296,0.3604810295565291,0.0,0.0,0.0,0.0,0.8830792195529997,0.39659272089188
local_residual,1,45,100,1.0,1.0,0.07886809641491604,0.07886807936922913,0.40995384790750033,0.3678357213096247,0.0,0.0,0.0,0.0,0.901951422179943,0.40256221905556183
local_residual,1,45,120,1.0,1.0,0.07759010497076116,0.07759004776489084,0.4116307429867362,0.3775544126221295,0.0,0.0,0.0,0.0,0.9178330000999899,0.4108221823699649
local_residual,1,45,140,1.0,1.0,0.06936243458619455,0.06936235987884518,0.42107252813894275,0.3838340174970939,0.0,0.0,0.0,0.0,0.9281509709973387,0.41351038601395396
local_residual,1,45,160,1.0,1.0,0.07299968029959475,0.07299965497088742,0.41638304975009927,0.3756529173495586,0.0,0.0,0.0,0.0,0.9374800471145073,0.417386392996728
local_residual,1,45,180,1.0,1.0,0.06787577299638661,0.06787570304586027,0.4223738468666639,0.38772222371811416,0.0,0.0,0.0,0.0,0.945285190134153,0.42230484178089794
local_residual,1,45,200,1.0,1.0,0.06946185827798829,0.06946183137003498,0.4207398076950314,0.3809291208541253,0.0,0.0,0.0,0.0,0.9489762292170825,0.4240972851005518
local_residual,1,45,220,1.0,1.0,0.06909732265571328,0.06909728148214538,0.4213133428767209,0.38230788842191304,0.0,0.0,0.0,0.0,0.9530234970491708,0.4244033792192779
local_residual,1,45,240,1.0,1.0,0.06834275980188077,0.0683427474378494,0.4219983518135551,0.3927926512932728,0.0,0.0,0.0,0.0,0.9570725758885961,0.4259189442734773
